e_A,e_B,utility_A,utility_B,cvar_A,cvar_B,symmetric
0.0,0.0,9.809336224758386,9.809409239765227,8.424213151550738,8.42599733020404,1
0.0,0.05,9.790015725285505,9.77891159456506,8.41688496854455,8.406454087089932,0
0.0,0.1,9.790089669584079,9.798345459004167,8.39812829565728,8.406780415150937,0
0.0,0.15000000000000002,9.803246519940139,9.725109804403441,8.485105850884297,8.42680640231138,0
0.0,0.2,9.789735943449854,9.737212809162651,8.441010645472819,8.408367054883435,0
0.0,0.25,9.779964939970267,9.704718286673254,8.444036542242515,8.380844962781286,0
0.0,0.30000000000000004,9.8044746879384,9.709113298694438,8.478598176264926,8.394949977937042,0
0.0,0.35000000000000003,9.780150044971377,9.657853166602662,8.471929758101505,8.361309093305415,0
0.0,0.4,9.785138857254513,9.665293318655781,8.486060071666863,8.378676654040602,0
0.0,0.45,9.768775275529059,9.623736549163192,8.46651581295191,8.34449638414861,0
0.0,0.5,9.806810702231173,9.578064809281218,8.509080709110583,8.296906819952268,0
0.0,0.55,9.792274258935253,9.539894998383607,8.533859363682721,8.303240413660392,0
0.0,0.6000000000000001,9.785760369388662,9.45321622117364,8.509242745097612,8.280056419806849,0
0.0,0.65,9.801011280959287,9.374480162043804,8.531151679567452,8.124760791256827,0
0.0,0.7000000000000001,9.773139163366077,9.272256321441445,8.452110849702787,7.974474180227625,0
0.0,0.75,9.799659350985491,9.123402522153148,8.518064448354398,7.855992759248455,0
0.0,0.8,9.782890033878786,8.90707861609437,8.480574437770771,7.632685586015392,0
0.0,0.8500000000000001,9.782621681382228,8.6345229747662,8.466595343060149,7.313975492979985,0
0.0,0.9,9.797596404546379,7.800858098286622,8.458262995269871,6.4652340802959785,0
0.05,0.0,9.808040550027028,9.795847538088593,8.432968683964505,8.420548211911717,0
0.05,0.05,9.823734806962127,9.73675190901611,8.447125616155319,8.356069359429737,1
0.05,0.1,9.807021086283308,9.799637753423697,8.402938671755129,8.396609869582829,0
0.05,0.15000000000000002,9.796872293345793,9.760558408759618,8.425598105114002,8.411148017576313,0
0.05,0.2,9.8022660692224,9.720903917475157,8.474984659270222,8.416034139010796,0
0.05,0.25,9.779003101916848,9.698597945485641,8.421734949736779,8.352702080553998,0
0.05,0.30000000000000004,9.788795408624525,9.697890266674722,8.457737363422812,8.378758644684865,0
0.05,0.35000000000000003,9.803436775437813,9.661792820692805,8.462857936337478,8.333922161051392,0
0.05,0.4,9.819851841315657,9.641123816811664,8.507999274872825,8.342029035989913,0
0.05,0.45,9.772578655590609,9.635280909763864,8.492073804015916,8.377171411172572,0
0.05,0.5,9.798432939192532,9.579470003528614,8.514458430971782,8.312064235757914,0
0.05,0.55,9.822171608911793,9.540858493702448,8.55680013584721,8.296183233887156,0
0.05,0.6000000000000001,9.797209356601803,9.457182870329026,8.552301330815475,8.331179971968709,0
0.05,0.65,9.800522839637742,9.35842578578709,8.51728600657388,8.092943664168574,0
0.05,0.7000000000000001,9.7716441022817,9.274885730810988,8.456625257952096,7.987359673130289,0
0.05,0.75,9.763770648158605,9.119863431962672,8.470150872213969,7.845117233567847,0
0.05,0.8,9.79512583514134,8.904273549387527,8.498260132647372,7.641813119955134,0
0.05,0.8500000000000001,9.804789320428034,8.645362247360563,8.52855835695126,7.362849652326183,0
0.05,0.9,9.824296733501749,7.782075603455702,8.508878377591179,6.472645839893491,0
0.1,0.0,9.772046189113404,9.748048087498567,8.400297300696884,8.375890735485617,0
0.1,0.05,9.766304474497348,9.789295277882037,8.379275485495151,8.401502270933769,0
0.1,0.1,9.75076121050229,9.789156694560113,8.378411115844811,8.418244203238212,1
0.1,0.15000000000000002,9.803805089521674,9.738702800463843,8.447214393071656,8.40007744277438,0
0.1,0.2,9.767903685197702,9.736961024236237,8.402513783613616,8.392447496697569,0
0.1,0.25,9.80269015394864,9.708679462982744,8.448540060510089,8.366678834617264,0
0.1,0.30000000000000004,9.809610787571025,9.716801131965793,8.470443250412165,8.388397834851018,0
0.1,0.35000000000000003,9.815525782646352,9.672429221980188,8.518744212789302,8.387471458496407,0
0.1,0.4,9.84376009387258,9.679952592827073,8.518714489482196,8.367451039080413,0
0.1,0.45,9.804148407672338,9.608463499389183,8.519068972177864,8.344605996843727,0
0.1,0.5,9.816619610482777,9.581014714874318,8.525293967588409,8.305881671322458,0
0.1,0.55,9.780857827081356,9.539601034044999,8.527334291657501,8.307849404678912,0
0.1,0.6000000000000001,9.774378240475858,9.454536233365825,8.520499386228908,8.301194146909364,0
0.1,0.65,9.7982767673065,9.371159099721917,8.509694733309386,8.131683785217847,0
0.1,0.7000000000000001,9.813728658328097,9.30936902902374,8.555285921690507,8.081987410143613,0
0.1,0.75,9.77690694992433,9.155910957504506,8.487049221992338,7.884905201299349,0
0.1,0.8,9.767802818345096,8.932415400238735,8.466436168240511,7.682461958817104,0
0.1,0.8500000000000001,9.803258899022106,8.603290006861908,8.513355800020328,7.318260590084249,0
0.1,0.9,9.79661118585768,7.940168232971946,8.459706434313349,6.609520070570929,0
0.15000000000000002,0.0,9.737360409926767,9.766019001088212,8.414848284827515,8.422025682691368,0
0.15000000000000002,0.05,9.718349078361548,9.79359643992221,8.39423767243213,8.448838542719237,0
0.15000000000000002,0.1,9.736181439114786,9.77991278137627,8.379663153462872,8.402610435873422,0
0.15000000000000002,0.15000000000000002,9.734416186683179,9.751644213741336,8.416239529952177,8.433746595279016,1
0.15000000000000002,0.2,9.73254857137312,9.756288354454528,8.388545979038202,8.411665522672054,0
0.15000000000000002,0.25,9.742770806243195,9.709588817537094,8.434367623076751,8.40450972897955,0
0.15000000000000002,0.30000000000000004,9.721692675498954,9.710192438714357,8.427513822523728,8.4191640143551,0
0.15000000000000002,0.35000000000000003,9.74699868580726,9.660498039754412,8.46848397469497,8.39308247230302,0
0.15000000000000002,0.4,9.776775422149889,9.675116730043724,8.469385391249741,8.38067824801484,0
0.15000000000000002,0.45,9.731753547180379,9.629168233909532,8.45659403703863,8.368710315909398,0
0.15000000000000002,0.5,9.775865000642733,9.581600276689212,8.527071853882077,8.347154146638118,0
0.15000000000000002,0.55,9.75759487463199,9.543224512502803,8.539225322853714,8.318050194004188,0
0.15000000000000002,0.6000000000000001,9.759736137671354,9.455242873145812,8.521348003424986,8.259031445686993,0
0.15000000000000002,0.65,9.760333787802487,9.372727336576395,8.48950230520874,8.097290828162343,0
0.15000000000000002,0.7000000000000001,9.782125206360956,9.290019377849717,8.499398290069445,8.014063796492204,0
0.15000000000000002,0.75,9.732180012961692,9.153128917426134,8.472723775104338,7.873266769237444,0
0.15000000000000002,0.8,9.752016443737661,8.882248317946225,8.449555767841566,7.585691980259531,0
0.15000000000000002,0.8500000000000001,9.758363603016164,8.515609823354264,8.472288967317224,7.231459430946488,0
0.15000000000000002,0.9,9.766346358053642,7.877945826686795,8.490120518411729,6.560748785037806,0
0.2,0.0,9.743366561973517,9.728588327595716,8.399038073318518,8.362735506568121,0
0.2,0.05,9.781328171370912,9.808519986388166,8.436357986165277,8.44004531003235,0
0.2,0.1,9.738326079797751,9.798543975408954,8.411856394306028,8.451484715338305,0
0.2,0.15000000000000002,9.755543906932074,9.745484248005582,8.424496659713588,8.414138007280759,0
0.2,0.2,9.710098120141316,9.746465735322506,8.371958322288396,8.407971082890366,1
0.2,0.25,9.760715790497898,9.702574150481352,8.449028586911316,8.394326806357912,0
0.2,0.30000000000000004,9.709908896638812,9.715722251186799,8.413219367849374,8.421754502050861,0
0.2,0.35000000000000003,9.730597843683755,9.653802745182233,8.457787412053618,8.393186188350485,0
0.2,0.4,9.750357751952176,9.675696709163498,8.48052619380284,8.416920613394382,0
0.2,0.45,9.742127366242608,9.628919990223794,8.487028243907837,8.387949083752856,0
0.2,0.5,9.71989044490458,9.58150071869511,8.475247704455125,8.350862601077978,0
0.2,0.55,9.753546409918025,9.541092752266282,8.494586315196333,8.303778569048326,0
0.2,0.6000000000000001,9.73747591586848,9.458093246946037,8.492423850343037,8.238341659438712,0
0.2,0.65,9.781529415126736,9.368849075463414,8.502166019553549,8.074772697653346,0
0.2,0.7000000000000001,9.753282097165112,9.324189551970841,8.464605818380148,8.040473597908464,0
0.2,0.75,9.750911015693157,9.145914639450108,8.486512723465573,7.853762782192752,0
0.2,0.8,9.745253030886982,8.97414214167536,8.46108481547117,7.696849412984102,0
0.2,0.8500000000000001,9.765833476857079,8.627291277532242,8.478452483187283,7.3360291941433715,0
0.2,0.9,9.771324578675477,7.757740383250655,8.502263076378911,6.445621292998559,0
0.25,0.0,9.707670038660504,9.788103248374998,8.400756336747719,8.470021720967836,0
0.25,0.05,9.720964346434199,9.752452739597736,8.398400489935643,8.41898121802883,0
0.25,0.1,9.698473575851077,9.818969305428265,8.384180651427771,8.493373515417469,0
0.25,0.15000000000000002,9.712302439156808,9.7560826146156,8.38912474097294,8.42971914155737,0
0.25,0.2,9.710624094173355,9.705413724231427,8.410123027877066,8.401145112223691,0
0.25,0.25,9.732218306304576,9.714920821994802,8.44212519975049,8.424865308366845,1
0.25,0.30000000000000004,9.71688378029471,9.692367545488729,8.465069299787444,8.44099928879348,0
0.25,0.35000000000000003,9.711405080279766,9.664432358660518,8.471769702663794,8.426598517878757,0
0.25,0.4,9.705164321286452,9.670857524717489,8.448494105351527,8.416914815402516,0
0.25,0.45,9.66644621931759,9.620729187694527,8.430513923632686,8.396828864954374,0
0.25,0.5,9.713110634163423,9.58215996829561,8.49093776084597,8.37177812268486,0
0.25,0.55,9.689498451915899,9.53952760637043,8.474946246087555,8.308367617990971,0
0.25,0.6000000000000001,9.696682664033746,9.458696176624827,8.453233699394646,8.181368892908601,0
0.25,0.65,9.729927511591043,9.385210429923179,8.48504164134888,8.122201828913516,0
0.25,0.7000000000000001,9.713838923110002,9.321677628931646,8.471137561005598,8.061434737885223,0
0.25,0.75,9.717369682974834,9.093786482964502,8.466977895635635,7.794132150139245,0
0.25,0.8,9.688645716989855,8.974204911072361,8.464914210026592,7.677309622843487,0
0.25,0.8500000000000001,9.696826727347215,8.564013555238859,8.470549060551086,7.267599173794878,0
0.25,0.9,9.704889726836734,7.826365230562791,8.519112740403305,6.554606004169064,0
0.30000000000000004,0.0,9.715526678681844,9.736485763856074,8.37583701406836,8.386700251915169,0
0.30000000000000004,0.05,9.714855059855092,9.792501136017814,8.435000760628753,8.504365586900187,0
0.30000000000000004,0.1,9.693334531053097,9.779610673927627,8.376610380471456,8.452027176295687,0
0.30000000000000004,0.15000000000000002,9.69449335292116,9.744269262932994,8.396073878023957,8.442456619550004,0
0.30000000000000004,0.2,9.715711385945207,9.72526258944994,8.417721657983199,8.424939927005651,0
0.30000000000000004,0.25,9.716965744025769,9.707867707838943,8.454787104146723,8.446828906840333,0
0.30000000000000004,0.30000000000000004,9.735851870904414,9.719824077289706,8.46527549128133,8.44920034926407,1
0.30000000000000004,0.35000000000000003,9.716646743952811,9.647935155464303,8.457825666689903,8.392127426368713,0
0.30000000000000004,0.4,9.68690087191163,9.666034190307347,8.42793647023443,8.40919274923123,0
0.30000000000000004,0.45,9.706918923899075,9.628197228705549,8.44928126777886,8.382331740788674,0
0.30000000000000004,0.5,9.678931643375766,9.57639707216076,8.461148567406372,8.370239100104033,0
0.30000000000000004,0.55,9.685754330705036,9.543929549347691,8.465724750872518,8.33485880637612,0
0.30000000000000004,0.6000000000000001,9.680770633075717,9.457068234239028,8.44550476287526,8.175897421396506,0
0.30000000000000004,0.65,9.716090962501369,9.368711359049383,8.481333380928639,8.097080832069418,0
0.30000000000000004,0.7000000000000001,9.71611798558795,9.28249095508123,8.456144343239961,8.012960523300784,0
0.30000000000000004,0.75,9.64531534936745,9.155525747952105,8.407211196031927,7.854835544220609,0
0.30000000000000004,0.8,9.686998690714933,8.951337483618122,8.484046129650926,7.688772550148334,0
0.30000000000000004,0.8500000000000001,9.708167517055626,8.472497986953828,8.501945736315358,7.201654528560841,0
0.30000000000000004,0.9,9.729300661878563,8.096455160657325,8.513521506160265,6.790791015062012,0
0.35000000000000003,0.0,9.669308943483664,9.776959380383472,8.341733430930386,8.436580529700445,0
0.35000000000000003,0.05,9.6533759687437,9.817324831607296,8.347857947314974,8.500607383574916,0
0.35000000000000003,0.1,9.662499668204529,9.812458139602448,8.371061275311746,8.508909688092544,0
0.35000000000000003,0.15000000000000002,9.673948686335613,9.756105225927147,8.40658216394065,8.476620050490597,0
0.35000000000000003,0.2,9.661692205404963,9.673724102350837,8.399572455371302,8.398721703741726,0
0.35000000000000003,0.25,9.67074524859721,9.663955248938722,8.43382251522313,8.424724456716811,0
0.35000000000000003,0.30000000000000004,9.657536081057055,9.698852559233902,8.439421134293033,8.477253852285793,0
0.35000000000000003,0.35000000000000003,9.65637193453842,9.685084065136301,8.440364233001754,8.467947337264151,1
0.35000000000000003,0.4,9.651959671963809,9.65668849777362,8.426819178917313,8.431434757686638,0
0.35000000000000003,0.45,9.653904941939194,9.617657204768696,8.434829807547038,8.40165645907604,0
0.35000000000000003,0.5,9.65260509660473,9.582393031992599,8.43867808862378,8.353001311032626,0
0.35000000000000003,0.55,9.676983772513712,9.541657414888585,8.447831763555541,8.272952452298863,0
0.35000000000000003,0.6000000000000001,9.668455940899925,9.454893704541806,8.374530373841441,8.15545609845074,0
0.35000000000000003,0.65,9.693593133395353,9.37593598498124,8.423393729064923,8.132312918522594,0
0.35000000000000003,0.7000000000000001,9.662242956375074,9.291846639024362,8.397621790599109,8.040411140694218,0
0.35000000000000003,0.75,9.662928735029086,9.097701641556128,8.403923849435031,7.8020569708670084,0
0.35000000000000003,0.8,9.660112888978292,8.877288947508776,8.460856973806006,7.603907489484158,0
0.35000000000000003,0.8500000000000001,9.694009020975157,8.63521738540234,8.414886589935842,7.339163729994794,0
0.35000000000000003,0.9,9.66376468619491,7.84910195276625,8.383544733168502,6.566668835997982,0
0.4,0.0,9.66817325302028,9.727962910081446,8.375223918255674,8.42300378627348,0
0.4,0.05,9.651576887080946,9.757443190762377,8.339375402085297,8.4327546543577,0
0.4,0.1,9.670453676181241,9.800767062077723,8.339024704718183,8.4570703707519,0
0.4,0.15000000000000002,9.661013643659446,9.717247573932859,8.408596257224366,8.452702922503494,0
0.4,0.2,9.675407553674912,9.733096958567321,8.403198653168522,8.447511937636877,0
0.4,0.25,9.679898451862387,9.724523458644862,8.454560500123419,8.496703651296658,0
0.4,0.30000000000000004,9.664622672914176,9.679074850732542,8.411858787979435,8.424320090298675,0
0.4,0.35000000000000003,9.66613750793102,9.674484800035618,8.430665890504093,8.438925110001668,0
0.4,0.4,9.671932697123049,9.654423634111208,8.448078589775271,8.430250141378638,1
0.4,0.45,9.654711717021614,9.626439566413724,8.44928316673192,8.410814227718985,0
0.4,0.5,9.675613623787909,9.588895370611308,8.476803981712278,8.3176284193941,0
0.4,0.55,9.67177627679488,9.543603304750901,8.47834092156493,8.332465198140525,0
0.4,0.6000000000000001,9.653947705460705,9.457941643175023,8.366410502602236,8.171099381376118,0
0.4,0.65,9.675585880076012,9.383108051603118,8.351549286713212,8.084679477945402,0
0.4,0.7000000000000001,9.673697570830273,9.295505108948396,8.412054151040188,8.061624313282326,0
0.4,0.75,9.674677783716904,9.18920009899334,8.437506337357506,7.917024824319195,0
0.4,0.8,9.666418919779186,8.847877417981532,8.43201293923087,7.570269522611555,0
0.4,0.8500000000000001,9.660722466935663,8.763584068569441,8.406834811747343,7.49082316804274,0
0.4,0.9,9.689541994819047,7.573342517761393,8.415511248328924,6.2902163196474,0
0.45,0.0,9.615060449551,9.757283085013942,8.322135244395945,8.440649571576248,0
0.45,0.05,9.625426850638764,9.81108744286193,8.34094760767798,8.503233303273603,0
0.45,0.1,9.628323475525843,9.720471299380618,8.372044266925302,8.441431230911965,0
0.45,0.15000000000000002,9.626511513443099,9.72468208406401,8.373734957646498,8.456470400645077,0
0.45,0.2,9.609998402875169,9.7293339914389,8.351735397458791,8.456148654394143,0
0.45,0.25,9.638358252621648,9.687811187485083,8.396356659397034,8.433132566483344,0
0.45,0.30000000000000004,9.637724343903068,9.720557905648446,8.407453873060565,8.479501324120529,0
0.45,0.35000000000000003,9.629135720801495,9.671868352674151,8.413321891823859,8.430317741727253,0
0.45,0.4,9.623254276580692,9.675509295541652,8.40609747487862,8.441716810794041,0
0.45,0.45,9.622834633424716,9.63030144001772,8.37487931489175,8.408752606794188,1
0.45,0.5,9.623881822743352,9.582503695473749,8.358298711761483,8.33405931762769,0
0.45,0.55,9.6336779807311,9.537985231340018,8.348691813129387,8.217336123577542,0
0.45,0.6000000000000001,9.626730078504956,9.456849362008768,8.363847458064773,8.196658069212964,0
0.45,0.65,9.6230218932884,9.381031008174036,8.364907275899265,8.153956872337147,0
0.45,0.7000000000000001,9.623066497814925,9.282861888886876,8.364178349876683,8.010742115329428,0
0.45,0.75,9.64083981441752,9.179088840760656,8.398991227040161,7.901637946603483,0
0.45,0.8,9.61046245978357,8.890884598427759,8.348109212999127,7.624804465308907,0
0.45,0.8500000000000001,9.64057519677212,8.40537890557766,8.405759727553274,7.1660833808748405,0
0.45,0.9,9.607801170659702,7.730896992311846,8.333340967816103,6.451266020638893,0
0.5,0.0,9.574912598307394,9.784479655739752,8.28572223383827,8.478718947171387,0
0.5,0.05,9.581138415195134,9.738563752690728,8.330679943866796,8.471178109451442,0
0.5,0.1,9.565008409050224,9.71196403641838,8.306049810984808,8.436798593045753,0
0.5,0.15000000000000002,9.589749388885323,9.756706745453831,8.394157917738317,8.547788030938385,0
0.5,0.2,9.588939038997568,9.734263132257713,8.363320552022087,8.494673446123391,0
0.5,0.25,9.590535043672569,9.653765290130247,8.347377722933368,8.418994454279492,0
0.5,0.30000000000000004,9.57428122785246,9.69081656013504,8.368328726197483,8.472851581060429,0
0.5,0.35000000000000003,9.581921783263127,9.64919911906177,8.330049175482163,8.431047511747341,0
0.5,0.4,9.589422756449855,9.664602523129764,8.348220659423475,8.442340011095261,0
0.5,0.45,9.58301053647404,9.61441786560474,8.355956123132811,8.39272078233564,0
0.5,0.5,9.576380945618284,9.586825194910112,8.28448541313085,8.297791075464069,1
0.5,0.55,9.58112372763517,9.53900574130335,8.281060340479652,8.248765890605272,0
0.5,0.6000000000000001,9.58646137177279,9.466207853707811,8.298809562046818,8.196368843341311,0
0.5,0.65,9.580704244099165,9.38340275695885,8.332749122795015,8.120649051186023,0
0.5,0.7000000000000001,9.593654494678974,9.306568086264635,8.318973336650169,7.960076297975861,0
0.5,0.75,9.58770519331011,9.159375555414389,8.320680851504617,7.882293403845269,0
0.5,0.8,9.594508651833328,8.918565598705632,8.323526183934991,7.641679735829812,0
0.5,0.8500000000000001,9.572946965987542,8.506919568697723,8.300955429833907,7.237711139696237,0
0.5,0.9,9.590540438185919,7.567658633668355,8.32530462849267,6.301623067406513,0
0.55,0.0,9.536923758532794,9.710652008961427,8.292432716354034,8.444841078896639,0
0.55,0.05,9.539354542259781,9.738729008410422,8.32806355681271,8.504131080250376,0
0.55,0.1,9.539608208462644,9.803426023784326,8.310549692541093,8.551125374846647,0
0.55,0.15000000000000002,9.545140442322603,9.743309826527708,8.363671579642213,8.540813788218376,0
0.55,0.2,9.542700524772675,9.711944007559334,8.332719103101212,8.481722739542432,0
0.55,0.25,9.544484394116669,9.70724933921752,8.3140062398077,8.504424263364713,0
0.55,0.30000000000000004,9.543151492853255,9.73181297289869,8.334372464273336,8.53232379510252,0
0.55,0.35000000000000003,9.542500050313103,9.656772578994492,8.299454758407364,8.430976846294982,0
0.55,0.4,9.539891801682256,9.650261764067984,8.241055006979611,8.393243722019893,0
0.55,0.45,9.544659238592146,9.60792094225621,8.21308518965307,8.288038347353913,0
0.55,0.5,9.540659653728152,9.588302399462513,8.249426344075669,8.312037236772504,0
0.55,0.55,9.541721554012952,9.539752627905232,8.27537554546533,8.274774260971792,1
0.55,0.6000000000000001,9.539615363140078,9.454605950001028,8.296132961069912,8.18663993847054,0
0.55,0.65,9.538995307553312,9.371915241597394,8.313154006597776,8.117131225519632,0
0.55,0.7000000000000001,9.548684371076565,9.34277097347587,8.317406615439241,8.058293999947491,0
0.55,0.75,9.54366578821015,9.215410000756226,8.2574595914566,7.921756444398335,0
0.55,0.8,9.547147489821377,8.869278370972514,8.297442343362285,7.619789987526143,0
0.55,0.8500000000000001,9.548219517146872,8.632060807914948,8.277121295341034,7.369958881634795,0
0.55,0.9,9.54538562345511,7.672302668311047,8.259365194508236,6.38603703770878,0
0.6000000000000001,0.0,9.459655260379202,9.794391211441733,8.338758973106287,8.56262878382791,0
0.6000000000000001,0.05,9.452045466834623,9.788356006084864,8.29491660555659,8.52296671375009,0
0.6000000000000001,0.1,9.456200474367087,9.775358439535971,8.311141349376562,8.533122620798784,0
0.6000000000000001,0.15000000000000002,9.460209257906307,9.732192160824082,8.254805161557096,8.487861315532898,0
0.6000000000000001,0.2,9.456279502291226,9.752770510732756,8.20856282020932,8.47244577326934,0
0.6000000000000001,0.25,9.454958814789473,9.709787192979766,8.19409609048027,8.4787028176532,0
0.6000000000000001,0.30000000000000004,9.461209371157763,9.717837002363458,8.259765353237682,8.492097428923595,0
0.6000000000000001,0.35000000000000003,9.45940057023766,9.685259584018654,8.18328439812768,8.409029037565698,0
0.6000000000000001,0.4,9.454283366659872,9.657547230176258,8.156088608175477,8.349282758047279,0
0.6000000000000001,0.45,9.460850698169263,9.622692860905628,8.168673762149504,8.318605850077613,0
0.6000000000000001,0.5,9.460845519044545,9.583289620922654,8.201028094662048,8.311348754539594,0
0.6000000000000001,0.55,9.464172763452314,9.539620037002035,8.215094479859559,8.281799111695829,0
0.6000000000000001,0.6000000000000001,9.454762490494364,9.464259443630713,8.183209265524864,8.211362950685904,1
0.6000000000000001,0.65,9.454507963830554,9.374937078632277,8.250266939057509,8.093754081580077,0
0.6000000000000001,0.7000000000000001,9.462698748880525,9.316475630767124,8.225922373247725,8.030000972298238,0
0.6000000000000001,0.75,9.461310980181727,9.11573971416541,8.199954791330569,7.84757516912715,0
0.6000000000000001,0.8,9.465293855626387,8.906088968375856,8.245417816318408,7.669100135041275,0
0.6000000000000001,0.8500000000000001,9.460106218830694,8.451786753251126,8.23822285784518,7.213434462282777,0
0.6000000000000001,0.9,9.454797119131285,7.79864137636326,8.195846285541284,6.5177517879100115,0
0.65,0.0,9.370567889813554,9.776542691093752,8.089636280655492,8.471399832865298,0
0.65,0.05,9.368987862487309,9.760598863219451,8.055941958249383,8.464641389642905,0
0.65,0.1,9.3591861153209,9.804233962895653,8.032579597276909,8.488644714295154,0
0.65,0.15000000000000002,9.369987621372331,9.748170657499518,8.094694373145353,8.467937221536253,0
0.65,0.2,9.393243159071572,9.718365678731145,8.098592588933633,8.431514708554099,0
0.65,0.25,9.381634564818032,9.716560443689474,8.120918490570375,8.498473508561492,0
0.65,0.30000000000000004,9.357509565754592,9.723583216689931,8.059551817512984,8.46184405654608,0
0.65,0.35000000000000003,9.378880520191071,9.678983398778357,8.146771200515353,8.43545301984455,0
0.65,0.4,9.368870195234354,9.662317305922462,8.124860489120268,8.400594250269318,0
0.65,0.45,9.378890806061827,9.643398907364585,8.141025417096762,8.387800978763178,0
0.65,0.5,9.371901760557696,9.585204274743562,8.096281510584232,8.307657383057661,0
0.65,0.55,9.390696624092662,9.545406019156639,8.114007394741213,8.305400197377375,0
0.65,0.6000000000000001,9.37027166942682,9.46866258723336,8.107314307821618,8.259000563115418,0
0.65,0.65,9.386268383622703,9.366540033104384,8.150058139521347,8.125645150930914,1
0.65,0.7000000000000001,9.381890254062004,9.307525308960516,8.131660787726366,8.069207874551592,0
0.65,0.75,9.390049474139778,9.194369834071702,8.136434717616817,7.924597869037009,0
0.65,0.8,9.384751860318007,8.925008944699156,8.12126805846361,7.703331503267599,0
0.65,0.8500000000000001,9.387618580279838,8.469276106573226,8.122653429639826,7.214926329468293,0
0.65,0.9,9.382409111740746,7.672374739231873,8.106965831148715,6.441238512683313,0
0.7000000000000001,0.0,9.271143144671965,9.776284863927494,7.926267644248372,8.421158536520979,0
0.7000000000000001,0.05,9.284949295682125,9.797968961974702,7.968848678380482,8.47270213193785,0
0.7000000000000001,0.1,9.283951086589484,9.803872221600031,7.959109664210598,8.469277229602527,0
0.7000000000000001,0.15000000000000002,9.308764669564082,9.721374025086226,8.045164611087273,8.457471169210356,0
0.7000000000000001,0.2,9.26479730494612,9.736425386419517,7.980141016514589,8.447075820551307,0
0.7000000000000001,0.25,9.294230594116618,9.704927224826392,8.053062650612661,8.469673372162767,0
0.7000000000000001,0.30000000000000004,9.2966127321953,9.699528448156524,8.044005080696648,8.450759485600589,0
0.7000000000000001,0.35000000000000003,9.290594813602532,9.631826927874208,8.066320992811919,8.398818270817246,0
0.7000000000000001,0.4,9.291984854508593,9.67985854536611,8.031238799265674,8.407639562492975,0
0.7000000000000001,0.45,9.319031858344532,9.634164148763057,8.026263172159135,8.375494440315219,0
0.7000000000000001,0.5,9.32138298965884,9.591811948000435,8.076095541548522,8.369863183833928,0
0.7000000000000001,0.55,9.288341775184273,9.541545089477014,8.021541572785901,8.340406904135882,0
0.7000000000000001,0.6000000000000001,9.269868637233051,9.453608297927389,8.000764450081562,8.177791553384056,0
0.7000000000000001,0.65,9.305655419991243,9.386179410997656,8.065421654957092,8.142316853670737,0
0.7000000000000001,0.7000000000000001,9.325275366233628,9.333110067596559,8.10004245759324,8.105829589416274,1
0.7000000000000001,0.75,9.294872682534326,9.119237442211652,8.059469856935882,7.898865096372529,0
0.7000000000000001,0.8,9.2759569869305,8.91098604783009,7.9959332834811825,7.677349089072944,0
0.7000000000000001,0.8500000000000001,9.278100248822986,8.607827618187816,8.02046082898482,7.389687359382533,0
0.7000000000000001,0.9,9.302712327057133,8.104102071663663,8.044027084873301,6.900123590674158,0
0.75,0.0,9.06522257839227,9.758828461139998,7.783350644891782,8.458346632417312,0
0.75,0.05,9.161665678479972,9.795463553193278,7.893301439547392,8.518437821907959,0
0.75,0.1,9.12245067631716,9.786307493305435,7.8511032447654845,8.494934158591816,0
0.75,0.15000000000000002,9.134989657563638,9.754899713278059,7.860435782068625,8.492198982241666,0
0.75,0.2,9.130964018016378,9.736162072322438,7.871985213842642,8.495400827541218,0
0.75,0.25,9.09602025269193,9.70910823043028,7.789815191583035,8.464028174914434,0
0.75,0.30000000000000004,9.108770900513806,9.738157428321049,7.837043882017903,8.516034428618095,0
0.75,0.35000000000000003,9.122073203933594,9.672746062700512,7.837094419166172,8.419648605927964,0
0.75,0.4,9.13290081299223,9.670295784692982,7.8611612295019,8.429797713289735,0
0.75,0.45,9.165439272532598,9.627663301425388,7.891182996077829,8.378859268342953,0
0.75,0.5,9.084761553914474,9.590261052098835,7.827487572055699,8.332656287176738,0
0.75,0.55,9.109750902505622,9.545028896490592,7.854904664216042,8.294747516821182,0
0.75,0.6000000000000001,9.125896635046704,9.463626927156579,7.861847787745166,8.201971244295127,0
0.75,0.65,9.138046458341199,9.378342657049558,7.871172556050636,8.127943009540523,0
0.75,0.7000000000000001,9.130511220104674,9.300669860920484,7.887871560181961,8.073756251587719,0
0.75,0.75,9.163457105758358,9.100852861209505,7.908603386110684,7.848969107610937,1
0.75,0.8,9.147906619835032,8.938678635887301,7.891495317909046,7.687789756644777,0
0.75,0.8500000000000001,9.074351966881785,8.553071406662362,7.804141302080249,7.264119842818594,0
0.75,0.9,9.124780994208471,7.741167254467123,7.8717879102669395,6.475886221407313,0
0.8,0.0,8.954079680715532,9.785437599794326,7.693040957992274,8.487480363092487,0
0.8,0.05,8.926903514949185,9.77702377423256,7.649491354201102,8.472409460241213,0
0.8,0.1,8.913188212553784,9.791169349529111,7.640558846817809,8.485682154250386,0
0.8,0.15000000000000002,8.882286205905583,9.766245328022288,7.595105584195411,8.47820445598136,0
0.8,0.2,8.918388501770387,9.74881112128302,7.643413227548659,8.459853055907704,0
0.8,0.25,8.935171855813655,9.713140832498281,7.659809002334597,8.505885116155312,0
0.8,0.30000000000000004,8.94383093853623,9.714417519482918,7.663715336544766,8.501753430573066,0
0.8,0.35000000000000003,8.913162109732294,9.670833085495957,7.642813845227749,8.462267119880924,0
0.8,0.4,8.95650228282838,9.664094916093392,7.676555987148468,8.445089337909529,0
0.8,0.45,8.938052840348725,9.622380196656998,7.659544666240888,8.352444271583726,0
0.8,0.5,8.965285193964585,9.58236939832392,7.682614902284671,8.304961625729321,0
0.8,0.55,8.935856686132267,9.545445714346567,7.6700163805875725,8.284291947186023,0
0.8,0.6000000000000001,8.87405524615848,9.459974203034616,7.614784795046275,8.238231850742945,0
0.8,0.65,8.88654325061908,9.374284511348726,7.653125162653205,8.105666195334166,0
0.8,0.7000000000000001,8.938809905856761,9.309849436936931,7.7218733218999684,8.044011959881386,0
0.8,0.75,8.92891524364693,9.129133706911258,7.669508456679137,7.861734210872854,0
0.8,0.8,8.899313188598615,8.927265318846196,7.64506745853108,7.6704775132439496,1
0.8,0.8500000000000001,8.918289259185622,8.552669803827474,7.668940222801978,7.298831852461007,0
0.8,0.9,8.932228754057924,7.87037973332734,7.661422322883548,6.589371940173548,0
0.8500000000000001,0.0,8.469926935367653,9.796912908676248,7.165367786207415,8.491789296303791,0
0.8500000000000001,0.05,8.566913048067152,9.794601924219165,7.257709901568388,8.485306613181764,0
0.8500000000000001,0.1,8.59065053357584,9.782896691391999,7.280643833903563,8.468014678938834,0
0.8500000000000001,0.15000000000000002,8.54474457869749,9.733502588877954,7.245812502185483,8.434284337318886,0
0.8500000000000001,0.2,8.554989683529227,9.74222083604032,7.268596174190668,8.456921283680414,0
0.8500000000000001,0.25,8.573464336348357,9.692112570624259,7.280360604318405,8.46680616508196,0
0.8500000000000001,0.30000000000000004,8.598498603962078,9.700905229576792,7.312705344092726,8.480764211781944,0
0.8500000000000001,0.35000000000000003,8.567841515287235,9.663798329326744,7.281644427866521,8.391490923437065,0
0.8500000000000001,0.4,8.57166634324348,9.665503112326562,7.288890017512394,8.396613151215417,0
0.8500000000000001,0.45,8.583756673331276,9.626539957785614,7.302012506210822,8.36132784261447,0
0.8500000000000001,0.5,8.538988107494072,9.590917235078155,7.254834082352571,8.316982176100053,0
0.8500000000000001,0.55,8.572022225164332,9.544905288564555,7.293732532844443,8.268803948565187,0
0.8500000000000001,0.6000000000000001,8.500334102704745,9.462010269076575,7.235949229360236,8.209382363868288,0
0.8500000000000001,0.65,8.570182459013768,9.379574411919,7.327158951515992,8.128498495575908,0
0.8500000000000001,0.7000000000000001,8.555533344545912,9.296578566963108,7.332603028343273,8.031648006156923,0
0.8500000000000001,0.75,8.557338886081421,9.13232980906516,7.291882911876427,7.878615241284024,0
0.8500000000000001,0.8,8.555663188129872,8.940523809942535,7.290133013824988,7.677586601231028,0
0.8500000000000001,0.8500000000000001,8.558874996957172,8.584751536361765,7.290175546903482,7.315687910084447,1
0.8500000000000001,0.9,8.539449767111599,7.852936849058717,7.27877162680996,6.595644671549635,0
0.9,0.0,7.807197602771553,9.780303762956763,6.5021828503827495,8.465679486297299,0
0.9,0.05,7.830271696084884,9.787353887338321,6.524762072097437,8.472639355041528,0
0.9,0.1,7.807795945513572,9.793013713323672,6.498462738319954,8.47537984127789,0
0.9,0.15000000000000002,7.830326022544957,9.745556721854124,6.531899612571052,8.482824064263799,0
0.9,0.2,7.843306160290165,9.74811349668061,6.539649976890863,8.479125163528394,0
0.9,0.25,7.84381641486241,9.703025206271867,6.551683789487831,8.497210667168462,0
