extax_AB,extax_BA,utility_A,utility_B,cvar_A,cvar_B,symmetric
0.0,0.0,9.773902398016599,9.779433453914024,7.724124666949308,7.645635813832127,1
0.0,0.05,9.761031377066429,9.790091829160504,7.765017257268885,7.693856888376846,0
0.0,0.1,9.749335036834129,9.795331310095973,7.7772876045875,7.716087767275228,0
0.0,0.15000000000000002,9.738945297403395,9.797002400928825,7.773362089022704,7.735816969857407,0
0.0,0.2,9.73259950842481,9.79890891477009,7.784721182770575,7.780762984465434,0
0.0,0.25,9.72204587422955,9.79417391144657,7.727875624113064,7.762212909933195,0
0.0,0.30000000000000004,9.714650799476633,9.790368696091905,7.677802566384803,7.745333320388348,0
0.0,0.35000000000000003,9.71047437688057,9.788468823279857,7.691922044191652,7.789870517501795,0
0.0,0.4,9.709007720773776,9.78773484390256,7.7126549873330275,7.832540719968233,0
0.0,0.45,9.701403904243286,9.780422039428764,7.6545794262502005,7.793140209031787,0
0.0,0.5,9.696253253890799,9.775181654904099,7.609710741596572,7.764868271155022,0
0.0,0.55,9.6964150897838,9.774772695955814,7.65848387754923,7.828797109417374,0
0.0,0.6000000000000001,9.690954630253376,9.768477165564684,7.6041330676429455,7.784128133458228,0
0.0,0.65,9.692682471963165,9.768987669160547,7.656370346546726,7.84632206892708,0
0.0,0.7000000000000001,9.68688302030192,9.762118351758168,7.585748619370332,7.782386503940108,0
0.0,0.75,9.689606819736335,9.763685474404921,7.653617801198688,7.858099467646983,0
0.0,0.8,9.681387214569463,9.754177880430202,7.53769869916002,7.745016682287829,0
0.0,0.8500000000000001,9.684887052697185,9.756449204291856,7.617852592682442,7.831238998887898,0
0.0,0.9,9.683218775543075,9.753580831414984,7.611785788947934,7.828865341512472,0
0.0,0.9500000000000001,9.680785330397768,9.750073910293557,7.572724938125709,7.7922824168182325,0
0.0,1.0,9.67954372726948,9.747937596904928,7.573737957818398,7.796541133239892,0
0.05,0.0,9.780494252828348,9.772587181318285,7.687405223748908,7.577650615363415,0
0.05,0.05,9.764252603458877,9.78000483657132,7.677434671252377,7.573485064152648,1
0.05,0.1,9.757694763003029,9.790363578838965,7.782062024422768,7.682154870512125,0
0.05,0.15000000000000002,9.74529731056278,9.789880539286965,7.765842934287781,7.672302702484648,0
0.05,0.2,9.738385034446114,9.79123100904515,7.779002699250503,7.7062367610370925,0
0.05,0.25,9.731765860213763,9.790091356061028,7.770932292596021,7.7267916821582485,0
0.05,0.30000000000000004,9.72303593285237,9.784893111440105,7.723720868881523,7.7098314348870876,0
0.05,0.35000000000000003,9.719516785888175,9.783218264678894,7.72348817850407,7.737085943459066,0
0.05,0.4,9.716092537126734,9.780678781894173,7.732909891466467,7.770920319773784,0
0.05,0.45,9.71062558604102,9.775362239777248,7.694731973236012,7.753147921727963,0
0.05,0.5,9.70572235183686,9.769873783344215,7.640373214236587,7.714748454508768,0
0.05,0.55,9.704012438818227,9.767460314836232,7.660184618439666,7.750631427558311,0
0.05,0.6000000000000001,9.703155380545553,9.765670816570287,7.6877330188269015,7.7913849525328285,0
0.05,0.65,9.698063619635018,9.759327467286822,7.618837350957992,7.732119619528947,0
0.05,0.7000000000000001,9.696262280418978,9.756302584213604,7.621314021754033,7.743893773564983,0
0.05,0.75,9.695634463235018,9.75466342280154,7.656562941718918,7.787984533887569,0
0.05,0.8,9.692591254787422,9.75018203721504,7.608950950336974,7.746253199276757,0
0.05,0.8500000000000001,9.690225650400446,9.7467307361718,7.603539033500428,7.747012547469941,0
0.05,0.9,9.690422879372276,9.745497599913023,7.604353938756516,7.751965160223362,0
0.05,0.9500000000000001,9.688180092812114,9.741588972912979,7.579228082325274,7.7299034758615,0
0.05,1.0,9.690247592448696,9.742854002907944,7.6326440981349215,7.78923980917878,0
0.1,0.0,9.78297858657218,9.76568095332061,7.653365043154864,7.514867988706932,0
0.1,0.05,9.772770500614213,9.779210583259053,7.737334487351245,7.605622977762485,0
0.1,0.1,9.758747499718718,9.782291090953345,7.7301791602564345,7.600072785333929,1
0.1,0.15000000000000002,9.74936582948389,9.784816778137152,7.7393875325557175,7.611713093411511,0
0.1,0.2,9.742356769374956,9.78608109411704,7.772071849486991,7.652874826352722,0
0.1,0.25,9.735488680905911,9.784496661299185,7.781827664045952,7.679673181402092,0
0.1,0.30000000000000004,9.727891490455725,9.780119682480292,7.747819807865991,7.667914038015736,0
0.1,0.35000000000000003,9.725665220767393,9.779951227516104,7.776985648200554,7.72242069049453,0
0.1,0.4,9.717178662347788,9.772156307761474,7.698324695088121,7.6659931517631135,0
0.1,0.45,9.716895754262834,9.771652271981967,7.754368763439203,7.7402882466119,0
0.1,0.5,9.71095561303434,9.765568715462033,7.696842545620828,7.701975517871171,0
0.1,0.55,9.707961139776748,9.761407052735612,7.6797124129603205,7.698314107964872,0
0.1,0.6000000000000001,9.707658369004749,9.760092034801872,7.7090078881099195,7.741560412959806,0
0.1,0.65,9.702211431639572,9.75345035379805,7.651385533813112,7.693544447242267,0
0.1,0.7000000000000001,9.702899271968061,9.75246042650108,7.673657013405146,7.725066258828079,0
0.1,0.75,9.699194931448416,9.747341394034676,7.6560718647939305,7.7147576404705,0
0.1,0.8,9.69896524973126,9.745944828379265,7.664434090528789,7.731351337314586,0
0.1,0.8500000000000001,9.697283824470157,9.742966879155667,7.662902339886756,7.736684506518173,0
0.1,0.9,9.695509885686937,9.73980527704133,7.631928690415045,7.70983393824818,0
0.1,0.9500000000000001,9.695251658935062,9.738093506345312,7.641508948843181,7.723383316018082,0
0.1,1.0,9.690111098117947,9.731963249589128,7.578438954909574,7.66353362596278,0
0.15000000000000002,0.0,9.785573346396655,9.76178000631351,7.65165827016734,7.489261635400141,0
0.15000000000000002,0.05,9.771870206137578,9.772163964307888,7.67668932188183,7.521601238942475,0
0.15000000000000002,0.1,9.761793697378833,9.779051893527816,7.709898782773867,7.556842581690284,0
0.15000000000000002,0.15000000000000002,9.753313707144812,9.78250492014635,7.757944326114581,7.6039455384719545,1
0.15000000000000002,0.2,9.742815192618707,9.780028128977806,7.746136796091974,7.592873560629704,0
0.15000000000000002,0.25,9.737626332902376,9.78026856967442,7.788705650695729,7.642313707127547,0
0.15000000000000002,0.30000000000000004,9.732044848140195,9.777935775789054,7.781585096183652,7.651420545469136,0
0.15000000000000002,0.35000000000000003,9.725143002804623,9.77300165728239,7.7596984758015095,7.648200052508864,0
0.15000000000000002,0.4,9.719235232099692,9.767889420665284,7.717281007139974,7.628095906578147,0
0.15000000000000002,0.45,9.718346871922595,9.766828137745117,7.7516307952310814,7.680860054391115,0
0.15000000000000002,0.5,9.714179912877146,9.762177456886091,7.741337190473895,7.6866600816215,0
0.15000000000000002,0.55,9.710447249927666,9.757153800950938,7.687136776130498,7.646811174687429,0
0.15000000000000002,0.6000000000000001,9.710146049922828,9.75574694596037,7.725225461300505,7.6970048782189115,0
0.15000000000000002,0.65,9.707211834366367,9.75148747264594,7.709287694323571,7.691091082362818,0
0.15000000000000002,0.7000000000000001,9.703123371315803,9.745886660276044,7.671559981297518,7.663051109728678,0
0.15000000000000002,0.75,9.70263130807268,9.74376824332188,7.688816774326204,7.6879301516966,0
0.15000000000000002,0.8,9.701495987185654,9.741438537239455,7.695398653467901,7.701603444635247,0
0.15000000000000002,0.8500000000000001,9.697458465887557,9.735992607659682,7.6445888274804,7.657378167025707,0
0.15000000000000002,0.9,9.696714797094211,9.733780018467433,7.631226499102885,7.648332682989483,0
0.15000000000000002,0.9500000000000001,9.696087824160337,9.731941224751575,7.63979900087331,7.662033657102171,0
0.15000000000000002,1.0,9.696447257627433,9.73104482786011,7.67518167115629,7.700684083286748,0
0.2,0.0,9.781218626357782,9.753456843927717,7.5644978026286,7.383963083166168,0
0.2,0.05,9.773942427043833,9.770077060341276,7.692367538000781,7.5178448203173485,0
0.2,0.1,9.762330230130488,9.775553657407311,7.712729756168831,7.539417601146161,0
0.2,0.15000000000000002,9.754783828906888,9.780146895569581,7.7733246841283625,7.598519298260204,0
0.2,0.2,9.743999618879966,9.777567902736296,7.743204741874152,7.568173209483679,1
0.2,0.25,9.736998361036246,9.775847328008432,7.763339034632424,7.589198839758666,0
0.2,0.30000000000000004,9.7303285446138,9.772253679423997,7.75280418899807,7.5858422216771215,0
0.2,0.35000000000000003,9.726960911600111,9.770857934147067,7.788368814150918,7.634572299581464,0
0.2,0.4,9.72372398504981,9.768334297071403,7.7959536181766715,7.659970658877757,0
0.2,0.45,9.720774503615209,9.765409765532652,7.792650298979033,7.676958626018512,0
0.2,0.5,9.714694425684582,9.758098598179693,7.729671979947114,7.62463436590344,0
0.2,0.55,9.71056704879304,9.75327352696717,7.715146449382016,7.625765112336006,0
0.2,0.6000000000000001,9.707778869282158,9.748676422717082,7.686390399249084,7.606870425029089,0
0.2,0.65,9.706332105647858,9.746421418520212,7.707858973647593,7.639608695738867,0
0.2,0.7000000000000001,9.705711770041287,9.74417652876343,7.722157121328018,7.662398888751684,0
0.2,0.75,9.703492115682984,9.740228342511633,7.718180956237142,7.665069950960851,0
0.2,0.8,9.700725621665937,9.736171051840797,7.686191039498318,7.640620139119275,0
0.2,0.8500000000000001,9.697964371516584,9.7319216742014,7.646314450917777,7.607419653512117,0
0.2,0.9,9.698954103425452,9.731093812747243,7.672123136078347,7.637662294396341,0
0.2,0.9500000000000001,9.697211561539376,9.728192445109519,7.667700619664451,7.637829801772409,0
0.2,1.0,9.697312472595598,9.726983136503693,7.690991287999173,7.664966414866206,0
0.25,0.0,9.78508419966604,9.754492855043825,7.629335966906199,7.430780224836586,0
0.25,0.05,9.771735244800547,9.765348980976777,7.646910708379794,7.456871547434146,0
0.25,0.1,9.762440939671725,9.773305013831083,7.710598090014193,7.521658817645448,0
0.25,0.15000000000000002,9.753854394973928,9.776908132436695,7.753443089614549,7.564168582214571,0
0.25,0.2,9.743596076706467,9.774934913261411,7.745728626507539,7.554899187515182,0
0.25,0.25,9.736678277588943,9.773239084755687,7.76641660228433,7.570302831736368,1
0.25,0.30000000000000004,9.729327211878477,9.769125716584378,7.751733494263616,7.559695953868627,0
0.25,0.35000000000000003,9.726269452503592,9.76772394500606,7.794718417856725,7.608052374341593,0
0.25,0.4,9.72199428696226,9.7642672525133,7.803171619040655,7.629250222174563,0
0.25,0.45,9.718574086776977,9.760735546438205,7.786224363103391,7.629037325242149,0
0.25,0.5,9.713202668371547,9.754953007048266,7.753890100246307,7.610746100601424,0
0.25,0.55,9.710818461559267,9.750798345363217,7.745168840850431,7.610621754975479,0
0.25,0.6000000000000001,9.704074603937663,9.742867287824895,7.665320941890965,7.544052316284409,0
0.25,0.65,9.70670846485474,9.744123049284472,7.732320571295343,7.622580062188313,0
0.25,0.7000000000000001,9.702189818702339,9.738201049438514,7.708061465810555,7.605196688621514,0
0.25,0.75,9.700557035224069,9.734568091565162,7.680346745115912,7.584885989158,0
0.25,0.8,9.700223987486783,9.732816908541622,7.697699542353662,7.608983663187262,0
0.25,0.8500000000000001,9.698442303430573,9.729600263745231,7.6934111702501164,7.609781709781019,0
0.25,0.9,9.699269071922947,9.728954336043653,7.713932128442409,7.637700840134128,0
0.25,0.9500000000000001,9.696494292088808,9.724912516100666,7.686901253463043,7.615747649361545,0
0.25,1.0,9.692213113072738,9.719227713099473,7.639234236029717,7.569513642624863,0
0.30000000000000004,0.0,9.783650284769106,9.751440866237763,7.628975811764043,7.416777301607372,0
0.30000000000000004,0.05,9.772551437351789,9.764812618198006,7.685380271603052,7.481015063475262,0
0.30000000000000004,0.1,9.761299985437336,9.770978591078576,7.691923541987483,7.491132947675988,0
0.30000000000000004,0.15000000000000002,9.750206017695387,9.771982876101333,7.712031547159711,7.506780313719622,0
0.30000000000000004,0.2,9.741836548359162,9.772023858347477,7.717657239386702,7.511542255555692,0
0.30000000000000004,0.25,9.734716984409593,9.770087445755761,7.745061028468078,7.533292270890973,0
0.30000000000000004,0.30000000000000004,9.729919830361911,9.768578692254335,7.779544710694393,7.5673685739883085,1
0.30000000000000004,0.35000000000000003,9.724601556948306,9.765088241246541,7.77355565469918,7.567112567999796,0
0.30000000000000004,0.4,9.719881811663011,9.76069626353039,7.767204745931505,7.567657076233122,0
0.30000000000000004,0.45,9.715295977976162,9.756066324427941,7.757134964497981,7.567880102213311,0
0.30000000000000004,0.5,9.714373243115999,9.754461762956486,7.791170207813535,7.613254571981298,0
0.30000000000000004,0.55,9.706826668079149,9.745841567862529,7.710896388588102,7.544070594070777,0
0.30000000000000004,0.6000000000000001,9.705455015299531,9.743019208173783,7.725801389999037,7.570171065058857,0
0.30000000000000004,0.65,9.70318088056844,9.739531435702116,7.716227832102757,7.570262273291402,0
0.30000000000000004,0.7000000000000001,9.702146023690746,9.736644916861444,7.722355433301639,7.584607435240118,0
0.30000000000000004,0.75,9.700223024641202,9.732821710334452,7.7000722958591306,7.568419062542476,0
0.30000000000000004,0.8,9.698194508701942,9.729414713288095,7.707689388264101,7.58287884291996,0
0.30000000000000004,0.8500000000000001,9.696255662043724,9.72590963648331,7.691276786059975,7.571107030060804,0
0.30000000000000004,0.9,9.69492929457388,9.723319545801807,7.692471388832183,7.577842640852067,0
0.30000000000000004,0.9500000000000001,9.696003426193977,9.723092635644479,7.722760834149668,7.614314931371879,0
0.30000000000000004,1.0,9.693987533591628,9.719254232975196,7.684477166593993,7.579004522094932,0
0.35000000000000003,0.0,9.781904189703154,9.748959399046145,7.606051180252393,7.382230855743368,0
0.35000000000000003,0.05,9.768222775303684,9.759845776968216,7.636274139169353,7.41952189267874,0
0.35000000000000003,0.1,9.75763560218209,9.76673576302577,7.667085989933786,7.452256086433714,0
0.35000000000000003,0.15000000000000002,9.748343216299773,9.770000551513936,7.699112320987393,7.48534264101048,0
0.35000000000000003,0.2,9.739815420473837,9.769714237598087,7.7111901387063115,7.4918491101906355,0
0.35000000000000003,0.25,9.731110474360602,9.766302667192074,7.695246992223326,7.473005884404196,0
0.35000000000000003,0.30000000000000004,9.725263538663665,9.763528690762776,7.7266750668319775,7.499090636691925,0
0.35000000000000003,0.35000000000000003,9.72214068334195,9.762616356137425,7.769085928688197,7.54576305365265,1
0.35000000000000003,0.4,9.715426745736805,9.756345272849549,7.741599160305857,7.5223480580269735,0
0.35000000000000003,0.45,9.71211357359366,9.752610016199961,7.743116383813738,7.528459102391412,0
0.35000000000000003,0.5,9.712394845224718,9.752163737093273,7.822546846960789,7.615518718147428,0
0.35000000000000003,0.55,9.707255241676025,9.745689365715705,7.752764026609932,7.557072028318931,0
0.35000000000000003,0.6000000000000001,9.70467551397487,9.742031083058167,7.762234594775459,7.57679131948493,0
0.35000000000000003,0.65,9.703059355786863,9.738898786587844,7.748008102423425,7.573613321423069,0
0.35000000000000003,0.7000000000000001,9.698654583387075,9.732806803426906,7.694217957932944,7.528173713655099,0
0.35000000000000003,0.75,9.697412200937958,9.730046053999548,7.719062396620439,7.558199647752902,0
0.35000000000000003,0.8,9.695643631134311,9.726567026031548,7.707370208274536,7.553190101900207,0
0.35000000000000003,0.8500000000000001,9.694433935642545,9.723796204316104,7.690355797471722,7.542182144262739,0
0.35000000000000003,0.9,9.693301324572229,9.721112324882649,7.699206634192743,7.555519471907997,0
0.35000000000000003,0.9500000000000001,9.692084024644782,9.718506310480885,7.686231124991594,7.547206696297166,0
0.35000000000000003,1.0,9.693011188522087,9.717679583844806,7.6957042160462805,7.562610977783475,0
0.4,0.0,9.777842622576083,9.744594737368214,7.569066874681494,7.335776267380692,0
0.4,0.05,9.766320558745045,9.75783670062922,7.615932332249823,7.389067510901081,0
0.4,0.1,9.75455910598474,9.763602357512653,7.649853623289439,7.423409719456101,0
0.4,0.15000000000000002,9.744154794138474,9.765590756575335,7.653477886403382,7.426345578462638,0
0.4,0.2,9.737322491949653,9.767332358374768,7.703467100216917,7.474344335180365,0
0.4,0.25,9.731102178090536,9.766679173038531,7.736208204853547,7.502726936986728,0
0.4,0.30000000000000004,9.72470663004587,9.763573540122135,7.750712797370572,7.512745937328618,0
0.4,0.35000000000000003,9.71650696198066,9.756930633818673,7.712631528446302,7.4718189545037585,0
0.4,0.4,9.7154637141632,9.756499876563764,7.769978129635594,7.5315499059052184,1
0.4,0.45,9.712028137699873,9.753157496557755,7.783372810121097,7.552339337882349,0
0.4,0.5,9.706371554963642,9.74678698572027,7.74181919308472,7.518915870482502,0
0.4,0.55,9.705186372873353,9.74397204775536,7.7646865996897745,7.548060920628127,0
0.4,0.6000000000000001,9.700289388777348,9.737638037493928,7.712766927215877,7.504581206703131,0
0.4,0.65,9.699443397416443,9.735288627319186,7.7290714062688775,7.527659023521548,0
0.4,0.7000000000000001,9.696936974507784,9.731268770966027,7.723393255222177,7.529981542289427,0
0.4,0.75,9.695511106041497,9.728548351203269,7.727259404508264,7.543247166537431,0
0.4,0.8,9.692334686611192,9.723562965624764,7.68907847790583,7.510149994003759,0
0.4,0.8500000000000001,9.690860622886639,9.720094202846711,7.689839104818534,7.513794517988586,0
0.4,0.9,9.691069946163157,9.719008255375437,7.701807708804003,7.532286759960774,0
0.4,0.9500000000000001,9.69077189444295,9.717166352060483,7.720042336453844,7.552497467332423,0
0.4,1.0,9.691210949706377,9.715907152652719,7.724618955120526,7.560735398597884,0
0.45,0.0,9.777229594754118,9.74423178277644,7.577441475435314,7.3358620275634046,0
0.45,0.05,9.765598058373268,9.757234019769177,7.6334377899803245,7.396471217576196,0
0.45,0.1,9.75103266536358,9.760572154978314,7.61083789839189,7.376170558163807,0
0.45,0.15000000000000002,9.743389373668773,9.765412737528933,7.662405442460081,7.42792884937027,0
0.45,0.2,9.736750070902517,9.767330275424621,7.728897655295092,7.491191752177922,0
0.45,0.25,9.726919322671572,9.76318129563656,7.7070623462719015,7.464291198704903,0
0.45,0.30000000000000004,9.720484834521713,9.76001900987151,7.70324048780786,7.456678081691513,0
0.45,0.35000000000000003,9.716450489259843,9.757612452889719,7.7431264465745455,7.491947293072419,0
0.45,0.4,9.712507616739897,9.754159735792735,7.755124730434574,7.503642512815143,0
0.45,0.45,9.708253183027193,9.74993371840365,7.750677435396709,7.504614531157129,1
0.45,0.5,9.703186861994633,9.744212825545189,7.733423571246978,7.492614651112138,0
0.45,0.55,9.702917167902623,9.742583687928192,7.77987814224975,7.543026194581776,0
0.45,0.6000000000000001,9.699378357422052,9.737608797967463,7.7591897315785445,7.530535345232748,0
0.45,0.65,9.6972652925104,9.733801345198124,7.738467946269985,7.518363130227693,0
0.45,0.7000000000000001,9.695558415368854,9.730529484605233,7.747068659417235,7.533477216897329,0
0.45,0.75,9.692056283044945,9.725165422053553,7.700018138130709,7.493178476186906,0
0.45,0.8,9.691983539532782,9.72316234227662,7.7263540632446235,7.522191312545504,0
0.45,0.8500000000000001,9.691284872027216,9.72123602605038,7.732570035023795,7.535360907988105,0
0.45,0.9,9.68822394629207,9.716253811794413,7.6925040370080335,7.49783550958717,0
0.45,0.9500000000000001,9.68749115426809,9.714737220518202,7.699017339665748,7.514506143439033,0
0.45,1.0,9.684522651987665,9.710232274406732,7.678906350849509,7.4937260549191995,0
0.5,0.0,9.774026529143768,9.741157196129226,7.549136616481727,7.298749116759858,0
0.5,0.05,9.760275440127865,9.752608253873566,7.572323887294902,7.3314116447164315,0
0.5,0.1,9.751616127995186,9.761895513279443,7.645143232217669,7.405855159892991,0
0.5,0.15000000000000002,9.741902541609168,9.764681102638246,7.656361538667853,7.417779212319084,0
0.5,0.2,9.733012103995103,9.764528117072835,7.689281427887675,7.44669450054257,0
0.5,0.25,9.726187645327004,9.763197397475793,7.70998847802466,7.461214109646293,0
0.5,0.30000000000000004,9.719727517629998,9.760137998295887,7.724545366223414,7.467545633439429,0
0.5,0.35000000000000003,9.713934284304964,9.756031105045064,7.715857968786926,7.459072591301943,0
0.5,0.4,9.706863853932699,9.749734044477702,7.698972453887905,7.44076648123988,0
0.5,0.45,9.705482813602853,9.748076298249673,7.750588859624913,7.489667327777401,0
0.5,0.5,9.703458668014155,9.74503548947202,7.767185484612572,7.511133464708548,1
0.5,0.55,9.698864688344447,9.739248591323767,7.739961292905444,7.48820131890265,0
0.5,0.6000000000000001,9.697374176286928,9.736418240601468,7.771799474307154,7.524100941640715,0
0.5,0.65,9.694248076652997,9.731825759868771,7.745630060213342,7.506035082750638,0
0.5,0.7000000000000001,9.690830374913386,9.726776137474035,7.714463797672719,7.485040787957767,0
0.5,0.75,9.688904019740862,9.72340019120396,7.708626593530536,7.4842746728899305,0
0.5,0.8,9.687252249900633,9.71981753928308,7.701595663168116,7.480151835759671,0
0.5,0.8500000000000001,9.687311480333165,9.717912889046792,7.713035539747305,7.495816327275602,0
0.5,0.9,9.686431226689988,9.716228913274225,7.720258115327294,7.512627762939059,0
0.5,0.9500000000000001,9.685119147537067,9.7128506772928,7.71048359455955,7.50299993489668,0
0.5,1.0,9.685369343560483,9.711549430515618,7.7168245466500975,7.51319862660075,0
0.55,0.0,9.773261043402421,9.741197249588971,7.562643401405112,7.307961558943029,0
0.55,0.05,9.760042157390934,9.753143487879385,7.604652488482733,7.35493560280827,0
0.55,0.1,9.752724937608413,9.763993771156253,7.699718053438207,7.455820323470764,0
0.55,0.15000000000000002,9.73874356538361,9.76241189654962,7.653872861880196,7.40818427258694,0
0.55,0.2,9.731370090819226,9.763994199235192,7.68344385607794,7.436558702378749,0
0.55,0.25,9.725989724469201,9.763785302339777,7.752831358953664,7.4942270257040375,0
0.55,0.30000000000000004,9.716118695896476,9.757334896678996,7.69843688312244,7.436691758272196,0
0.55,0.35000000000000003,9.71291972493479,9.755873582239836,7.756642468617362,7.490288004744681,0
0.55,0.4,9.706807113961233,9.750606964615365,7.7309198608121825,7.461957456799246,0
0.55,0.45,9.702215127240706,9.745693195697694,7.727748284410979,7.458660218581088,0
0.55,0.5,9.694873362871286,9.737643993747088,7.681836142078137,7.413961882627511,0
0.55,0.55,9.697111305658227,9.738508436991719,7.75024717681625,7.484857146217082,1
0.55,0.6000000000000001,9.694960263136657,9.7351325728931,7.747774202185993,7.491960502350438,0
0.55,0.65,9.692973214684658,9.73145585086805,7.761215724704506,7.507837356213315,0
0.55,0.7000000000000001,9.691884411888072,9.728600713546893,7.765341445917489,7.518152672778914,0
0.55,0.75,9.68856693254004,9.724011183212971,7.73519426851508,7.496402871220271,0
0.55,0.8,9.68682397761748,9.72044363604139,7.726210975271039,7.49191169842989,0
0.55,0.8500000000000001,9.682685027668528,9.714479321016412,7.6895905180818085,7.457567104457179,0
0.55,0.9,9.683216332526216,9.713690134910147,7.706671960648257,7.479661438138851,0
0.55,0.9500000000000001,9.681391006847674,9.71033393820765,7.6925133624478335,7.470513720709289,0
0.55,1.0,9.680745997098,9.708508183001964,7.701453015236586,7.482186112922159,0
0.6000000000000001,0.0,9.770047161354155,9.738554371633608,7.526449734875565,7.267525608720138,0
0.6000000000000001,0.05,9.757627086993892,9.751465903225935,7.592756362700782,7.337021523347897,0
0.6000000000000001,0.1,9.746164472113533,9.758149250660622,7.626335748504685,7.372061726140386,0
0.6000000000000001,0.15000000000000002,9.73698868379961,9.761782530765899,7.650008104877751,7.396632710115847,0
0.6000000000000001,0.2,9.728481224653601,9.761998753417187,7.669070201081938,7.4131921647371515,0
0.6000000000000001,0.25,9.722270837830413,9.761508365818164,7.713059440587222,7.45302020901317,0
0.6000000000000001,0.30000000000000004,9.715449719259402,9.757863183493459,7.724256509839724,7.456574090977275,0
0.6000000000000001,0.35000000000000003,9.709962341709788,9.754216935515101,7.727324543046095,7.4550139766597825,0
0.6000000000000001,0.4,9.706111387450585,9.751096419361573,7.751077901016504,7.475583449566554,0
0.6000000000000001,0.45,9.702345872774865,9.747129301512919,7.7631878370475595,7.488639414152397,0
0.6000000000000001,0.5,9.69855964462017,9.742785771741767,7.753635488731093,7.482457933087587,0
0.6000000000000001,0.55,9.69500264077985,9.737879334562807,7.7669430592153885,7.490832430447738,0
0.6000000000000001,0.6000000000000001,9.691267401241191,9.732805231574343,7.741201065042885,7.474887104916691,1
0.6000000000000001,0.65,9.688982635809783,9.72889428941597,7.74164279021724,7.477912295797588,0
0.6000000000000001,0.7000000000000001,9.686281329057321,9.724488167894114,7.721386525820344,7.463012618055253,0
0.6000000000000001,0.75,9.686412405302127,9.722932266690552,7.738888353772468,7.487324292294297,0
0.6000000000000001,0.8,9.685506175542779,9.719878150421586,7.7434232351658565,7.491170577063247,0
0.6000000000000001,0.8500000000000001,9.68235540363463,9.715391613082298,7.712244151258192,7.467262219086857,0
0.6000000000000001,0.9,9.682996421086184,9.714535281199751,7.752292861469621,7.510792561213979,0
0.6000000000000001,0.9500000000000001,9.68117379764865,9.71095512301086,7.731535051558858,7.49251520863511,0
0.6000000000000001,1.0,9.6800957196363,9.708582178951112,7.73810352630365,7.503042462914237,0
0.65,0.0,9.768874394190973,9.73805893398341,7.543386414145016,7.2758142687042096,0
0.65,0.05,9.751686233888753,9.746261392672873,7.509657757328235,7.250506941145937,0
0.65,0.1,9.743912560024414,9.757143088212596,7.608243634731689,7.351319420589128,0
0.65,0.15000000000000002,9.733750328534176,9.75951802847072,7.621298785008875,7.363763553689214,0
0.65,0.2,9.725474302652929,9.759870855845847,7.649891774686517,7.387662886160427,0
0.65,0.25,9.718391602858157,9.758609324974705,7.677915837402366,7.411765431242157,0
0.65,0.30000000000000004,9.712915756963694,9.756654767817304,7.7051278384843345,7.435381585305508,0
0.65,0.35000000000000003,9.706577251369186,9.752231870953906,7.707274729735509,7.4312953696146185,0
0.65,0.4,9.702154779113615,9.748590795508264,7.727616625342287,7.449754415544729,0
0.65,0.45,9.699730104320158,9.745989150609573,7.757367858484054,7.477445640602166,0
0.65,0.5,9.696372479027776,9.741657062759051,7.755544845785661,7.47430813497203,0
0.65,0.55,9.6927232830675,9.73648273594935,7.740294180794929,7.4576318094109375,0
0.65,0.6000000000000001,9.691542702194944,9.734331845889814,7.773765810791033,7.4984216138094775,0
0.65,0.65,9.68566798658347,9.726324426134104,7.713857907913183,7.438468748910469,1
0.65,0.7000000000000001,9.683233981705332,9.722602399629475,7.701026451507764,7.434025993543124,0
0.65,0.75,9.683029661580683,9.720570645010364,7.724412920477939,7.458648179605694,0
0.65,0.8,9.681056218971278,9.716965820376815,7.719666744518933,7.458091129587165,0
0.65,0.8500000000000001,9.680537036410852,9.714984177655156,7.73121880979053,7.476540721819401,0
0.65,0.9,9.678948660594866,9.712206767608544,7.710877936795588,7.4644972425735565,0
0.65,0.9500000000000001,9.679901749053434,9.711188268848305,7.751417020828391,7.502867867449108,0
0.65,1.0,9.674933721822189,9.704783682600247,7.69240675191451,7.446184171113474,0
0.7000000000000001,0.0,9.765478644354447,9.735495592156433,7.513635705245017,7.242111299058792,0
0.7000000000000001,0.05,9.755671997853357,9.751049045499125,7.603820570270283,7.3381885980821515,0
0.7000000000000001,0.1,9.74068262582831,9.754661654187629,7.574891087313004,7.3150396728830875,0
0.7000000000000001,0.15000000000000002,9.732250339909193,9.759412310170712,7.627804831462297,7.370154801070238,0
0.7000000000000001,0.2,9.7232749704698,9.759049119319172,7.647338824141374,7.384081353927819,0
0.7000000000000001,0.25,9.717533540494413,9.759028304292166,7.687465129649703,7.419751571540778,0
0.7000000000000001,0.30000000000000004,9.710378044213517,9.755285285238998,7.693405173795925,7.419307030281131,0
0.7000000000000001,0.35000000000000003,9.704035750268844,9.750949939093491,7.691188297881074,7.412241564822543,0
0.7000000000000001,0.4,9.700826001991835,9.747998701652167,7.713021411748972,7.429095508239144,0
0.7000000000000001,0.45,9.69715779927722,9.744424003806769,7.728070027116399,7.4428052518113,0
0.7000000000000001,0.5,9.693440825859556,9.740374442784498,7.751151164072628,7.464470943619734,0
0.7000000000000001,0.55,9.691611792274095,9.736997329064353,7.775609789683473,7.487558994620479,0
0.7000000000000001,0.6000000000000001,9.687691781587027,9.731627409556996,7.754577818628604,7.469875931259644,0
0.7000000000000001,0.65,9.68587548055092,9.727905493794998,7.753159602194728,7.4701382424285985,0
0.7000000000000001,0.7000000000000001,9.68398743624541,9.724713582748878,7.763005477790166,7.48398197592386,1
0.7000000000000001,0.75,9.679881246109982,9.71904713594575,7.71191161390353,7.440109023095163,0
0.7000000000000001,0.8,9.67900863291399,9.71642721066683,7.713616936629233,7.447260574621707,0
0.7000000000000001,0.8500000000000001,9.677492496878493,9.712908954245151,7.714154514730198,7.4475255201631985,0
0.7000000000000001,0.9,9.676707728925939,9.710606616846281,7.7144929811260745,7.453442289410812,0
0.7000000000000001,0.9500000000000001,9.675652094870479,9.708037444013932,7.711810306335693,7.45272769897229,0
0.7000000000000001,1.0,9.676748086202835,9.708251059871445,7.758031929717396,7.5036921720471215,0
0.75,0.0,9.76644530416344,9.73704802106788,7.5484720828982,7.272060227890927,0
0.75,0.05,9.75214099368322,9.748657690451417,7.564276891485909,7.299418820972606,0
0.75,0.1,9.73834290733302,9.752966646883586,7.544047055344866,7.2811802175944775,0
0.75,0.15000000000000002,9.730026751040503,9.757859922958472,7.617831037728697,7.352482322959859,0
0.75,0.2,9.722725871705435,9.759556643004384,7.664215003650523,7.395493408352238,0
0.75,0.25,9.711876181985748,9.754577488906861,7.609768100312235,7.337978145069894,0
0.75,0.30000000000000004,9.707640996456059,9.753750772338897,7.667804650253974,7.3921864995246285,0
0.75,0.35000000000000003,9.705831472518147,9.753581866587052,7.744379213463433,7.45745921393294,0
0.75,0.4,9.69904568205451,9.747622693644653,7.715053727895452,7.427968101334748,0
0.75,0.45,9.693228791964247,9.74167556985937,7.725000326501141,7.4299304217083595,0
0.75,0.5,9.688826103527973,9.73625530472964,7.692320081959935,7.397649850747629,0
0.75,0.55,9.688012133447133,9.734407739155213,7.738829064517285,7.444716022765088,0
0.75,0.6000000000000001,9.687889126652168,9.73263575425635,7.778776050350192,7.485562039430946,0
0.75,0.65,9.683056825401339,9.726280828000545,7.745923843329943,7.456684692477438,0
0.75,0.7000000000000001,9.68024034444678,9.722542607330487,7.7383665146893685,7.452882606170857,0
0.75,0.75,9.678869775272693,9.718667626464642,7.731346822190319,7.448954053608356,1
0.75,0.8,9.677403599314646,9.715758514221374,7.7321477397491005,7.453665494361766,0
0.75,0.8500000000000001,9.674892982946837,9.711679958993763,7.7106549088363945,7.437128670417831,0
0.75,0.9,9.676339088355405,9.71134680437391,7.732678812428635,7.463248520029485,0
0.75,0.9500000000000001,9.673288839780845,9.70708951829175,7.7135789588223735,7.447515825075405,0
0.75,1.0,9.672879648831062,9.705059054421477,7.71159222324182,7.446132670600879,0
0.8,0.0,9.765147648137688,9.736702364538449,7.5407335276142335,7.264503899295667,0
0.8,0.05,9.750920569124235,9.748425996868816,7.564146683366156,7.297050722769957,0
0.8,0.1,9.738316938905056,9.754156967156064,7.577688545592995,7.311377111053916,0
0.8,0.15000000000000002,9.727358586195527,9.756054789726154,7.590919996860251,7.322021768477721,0
0.8,0.2,9.720561771218618,9.758177276024965,7.643884220840667,7.371918312419789,0
0.8,0.25,9.71430080929279,9.758041205295145,7.678075893729292,7.405691449421728,0
0.8,0.30000000000000004,9.706415276984025,9.753809312493932,7.683191784736,7.402468997810885,0
0.8,0.35000000000000003,9.70058384585958,9.74949821514251,7.692194540602853,7.404001754652168,0
0.8,0.4,9.69447877502496,9.744181229820814,7.67809815449038,7.387342224208099,0
0.8,0.45,9.692690944540873,9.74205765906854,7.720009371094589,7.423154773631972,0
0.8,0.5,9.68891688639084,9.73781672954662,7.723207261452156,7.428105032904667,0
0.8,0.55,9.686703092128823,9.734490497882849,7.738140288152456,7.442331561745041,0
0.8,0.6000000000000001,9.68274967370418,9.729226339042912,7.7191816624547736,7.42448713959464,0
0.8,0.65,9.68030934674845,9.725240062502353,7.708420563944568,7.417358118170327,0
0.8,0.7000000000000001,9.68079007473872,9.723472790975674,7.764109238684336,7.469964109797834,0
0.8,0.75,9.676465662114614,9.717742821184329,7.715778862219848,7.4286565928737405,0
0.8,0.8,9.674848079863665,9.714519964456622,7.711779194397703,7.4285734354784765,1
0.8,0.8500000000000001,9.671851993023548,9.70988610861415,7.685868633590833,7.407022272646365,0
0.8,0.9,9.671707985613438,9.708099058202889,7.711383632732883,7.432902382054228,0
0.8,0.9500000000000001,9.674422445266735,9.70916132262767,7.762795847869007,7.4869680233092915,0
0.8,1.0,9.670846339805454,9.70431072828513,7.713712457657655,7.4432213392902895,0
0.8500000000000001,0.0,9.763012224060134,9.735284106326647,7.520286984323493,7.242412986375541,0
0.8500000000000001,0.05,9.750023115279305,9.747950987895862,7.5704816676995685,7.297945726772191,0
0.8500000000000001,0.1,9.733373063027322,9.750140957002095,7.522374027997003,7.252195303902373,0
0.8500000000000001,0.15000000000000002,9.7271947150066,9.756885207509903,7.610879299108572,7.340382780715627,0
0.8500000000000001,0.2,9.719356776024574,9.758058706335248,7.64317238734766,7.372140321784552,0
0.8500000000000001,0.25,9.711515649194107,9.75612795231073,7.653858511593523,7.377143382073492,0
0.8500000000000001,0.30000000000000004,9.70534921135161,9.753516818442769,7.685700055607068,7.401146871066756,0
0.8500000000000001,0.35000000000000003,9.700633976044799,9.750964330307024,7.717647721407088,7.4284313199861876,0
0.8500000000000001,0.4,9.695146971326064,9.74590993391451,7.712011394282255,7.417247010948661,0
0.8500000000000001,0.45,9.690071043164028,9.740752164483395,7.703213727544688,7.4056036806760845,0
0.8500000000000001,0.5,9.687732556751305,9.737661325015262,7.736743093184497,7.436779715542288,0
0.8500000000000001,0.55,9.682630403288895,9.731527782714027,7.701392485246816,7.401318488162883,0
0.8500000000000001,0.6000000000000001,9.680427114717723,9.728154679923293,7.715830021891007,7.420325763108866,0
0.8500000000000001,0.65,9.678935688255244,9.724847705110882,7.727951365792699,7.4299362579023445,0
0.8500000000000001,0.7000000000000001,9.674852455874703,9.71892953595986,7.688550182295013,7.393022893471754,0
0.8500000000000001,0.75,9.675465115383544,9.717934104932853,7.735801576159834,7.4403067943215815,0
0.8500000000000001,0.8,9.672672384641087,9.713396801362785,7.732483176442757,7.440518570399141,0
0.8500000000000001,0.8500000000000001,9.672633807082178,9.711689013365586,7.727635570738434,7.439412841679055,1
0.8500000000000001,0.9,9.671647922488333,9.708947213212133,7.723440330369118,7.440512344079246,0
0.8500000000000001,0.9500000000000001,9.669916698996781,9.705613654247024,7.711339191120712,7.430234226205479,0
0.8500000000000001,1.0,9.66825422880954,9.702800833474035,7.719402001654385,7.439435080214542,0
0.9,0.0,9.759089500897165,9.731896940262539,7.47722510278025,7.193984871691089,0
0.9,0.05,9.748540301349598,9.747357855485493,7.575214454581171,7.298595521476088,0
0.9,0.1,9.734518865020108,9.75211593101526,7.553292719799163,7.2819044340879175,0
0.9,0.15000000000000002,9.725686362058882,9.756381998047205,7.608018229486222,7.33554370898485,0
0.9,0.2,9.718625966549823,9.758480825117346,7.666043728224461,7.389022556348067,0
0.9,0.25,9.711203704643774,9.756867138096801,7.679226930397053,7.400161766975582,0
0.9,0.30000000000000004,9.702528842818786,9.752055389185843,7.656085123551798,7.373930966248471,0
0.9,0.35000000000000003,9.699899235805649,9.75110427150518,7.7259457174699655,7.435011038955779,0
0.9,0.4,9.69144951726824,9.743316660954777,7.6744339325879505,7.377429379346653,0
0.9,0.45,9.68713045471807,9.738763950017834,7.6870771401872116,7.383873977381175,0
0.9,0.5,9.685005054883376,9.73586964745182,7.734666909912114,7.429196817892836,0
0.9,0.55,9.680624163688174,9.730804511223761,7.708529803415314,7.404420121813076,0
0.9,0.6000000000000001,9.681670950996569,9.729968331421318,7.776530654195692,7.467967883771801,0
0.9,0.65,9.676275639057208,9.723129684736485,7.717940401623186,7.4128911012443695,0
0.9,0.7000000000000001,9.675210176776611,9.720628305536566,7.729306494591448,7.429218997266615,0
0.9,0.75,9.673394072985703,9.717196717734744,7.715770823572472,7.423617042217909,0
0.9,0.8,9.67281020117507,9.715014759472556,7.738151236873046,7.445656879913527,0
0.9,0.8500000000000001,9.668103111604054,9.708273883055693,7.681029074887342,7.388817555452197,0
0.9,0.9,9.672335896535047,9.71068353073028,7.766782779916125,7.4779013045775775,1
0.9,0.9500000000000001,9.667004183272967,9.704299550741906,7.700853130944001,7.415278704181915,0
0.9,1.0,9.666143127655895,9.701836813735943,7.703915703364926,7.419494174745996,0
0.9500000000000001,0.0,9.759470179968602,9.73309610368149,7.496210185739745,7.2118290691644145,0
0.9500000000000001,0.05,9.746643697376179,9.74638972572004,7.556479575456748,7.27945579106475,0
0.9500000000000001,0.1,9.734063363192831,9.752766240931788,7.57249173638283,7.300771615939488,0
0.9500000000000001,0.15000000000000002,9.724116111478512,9.755532660842041,7.597356148145989,7.321523451434105,0
0.9500000000000001,0.2,9.714459505518915,9.754910252129953,7.610489794038753,7.33166769035131,0
0.9500000000000001,0.25,9.70895580015892,9.755548926212137,7.657560276994988,7.377233811916139,0
0.9500000000000001,0.30000000000000004,9.700254764127683,9.75045460623035,7.648700473567094,7.360986330241232,0
0.9500000000000001,0.35000000000000003,9.69627860428109,9.748158430025315,7.668152844288513,7.377908288647039,0
0.9500000000000001,0.4,9.69346567420272,9.746656574684033,7.737270833976259,7.440376400886911,0
0.9500000000000001,0.45,9.688686358915884,9.74148202425902,7.727214554940685,7.423075801644575,0
0.9500000000000001,0.5,9.68610373910779,9.738469939587635,7.761987926147231,7.455824054833952,0
0.9500000000000001,0.55,9.683435320753409,9.734493354072987,7.765075059246745,7.459972468103604,0
0.9500000000000001,0.6000000000000001,9.679773200755289,9.729206237488713,7.753880117552599,7.446438595050994,0
0.9500000000000001,0.65,9.674506949201715,9.722448806511922,7.702424219030507,7.39603462910004,0
0.9500000000000001,0.7000000000000001,9.674841519657372,9.721119695554293,7.74606788594219,7.440798920591751,0
0.9500000000000001,0.75,9.671574217018986,9.716223330996979,7.714814730738899,7.4140273849807174,0
0.9500000000000001,0.8,9.670791788656652,9.71365247521252,7.750816116915019,7.4494784117893404,0
0.9500000000000001,0.8500000000000001,9.671704946175016,9.713383457520052,7.780050511813038,7.4836007383474845,0
0.9500000000000001,0.9,9.668163146352617,9.70786922705587,7.720934812811757,7.429650445034062,0
0.9500000000000001,0.9500000000000001,9.666684417903182,9.705074736851836,7.725670680566917,7.435872465492322,1
0.9500000000000001,1.0,9.66598457596574,9.703025224739623,7.722698254548802,7.437196896772471,0
1.0,0.0,9.75797832181052,9.732245716437145,7.503199945766474,7.2167012774967665,0
1.0,0.05,9.746541941402691,9.746704932791378,7.567470178496067,7.288277673156461,0
1.0,0.1,9.733925378031564,9.753411677476308,7.591298480513557,7.316795234519951,0
1.0,0.15000000000000002,9.724213186421744,9.756658887265834,7.62666316923105,7.3486059945024955,0
1.0,0.2,9.714454644355483,9.755999522463442,7.633274488230648,7.3539084231369625,0
1.0,0.25,9.707040238629606,9.754555779192192,7.648476313622807,7.366991644913031,0
1.0,0.30000000000000004,9.701867784513968,9.752840060660665,7.6857364164682656,7.395934542102372,0
1.0,0.35000000000000003,9.694915220906404,9.748199021297728,7.6741378895715595,7.380675419892966,0
1.0,0.4,9.691980609503116,9.745383474265434,7.714374121436814,7.409384805004164,0
1.0,0.45,9.685216843054572,9.738288396992868,7.680248926756811,7.374862578315639,0
1.0,0.5,9.683681212455255,9.736387035832605,7.730592909868735,7.41970777151568,0
1.0,0.55,9.680207455303556,9.731929723495066,7.735313503582466,7.422976775581829,0
1.0,0.6000000000000001,9.677173240737574,9.727501554777547,7.720842716988633,7.409474122717704,0
1.0,0.65,9.675293725057498,9.723944416503109,7.746423951981928,7.434670540757789,0
1.0,0.7000000000000001,9.673681863570877,9.721080967942939,7.746906760173285,7.442265794814396,0
1.0,0.75,9.671516539735782,9.716957753761653,7.736443010690326,7.429517625599393,0
1.0,0.8,9.669716380411481,9.71362938416263,7.732788276258046,7.429210591189498,0
1.0,0.8500000000000001,9.66840942895981,9.710762837492622,7.735796123695048,7.436891449555181,0
1.0,0.9,9.669537503624763,9.710787409625278,7.765143951106637,7.4758897878058095,0
1.0,0.9500000000000001,9.666744440852453,9.705645940804754,7.741377247617752,7.447327143721592,0
1.0,1.0,9.667441597784084,9.70516122180243,7.76192676847343,7.471800540553754,1
