tariff_AB,tariff_BA,utility_A,utility_B,cvar_A,cvar_B,symmetric
0.0,0.0,9.77384942000642,9.77933245060507,7.716068917108753,7.6379851679153425,1
0.0,0.05,9.778135348277141,9.769751136749504,7.7519649697108335,7.643988645278697,0
0.0,0.1,9.781533786603589,9.764915074294793,7.812631368415384,7.689199851661902,0
0.0,0.15000000000000002,9.779778577712081,9.75908114316588,7.83064688219244,7.714059290989776,0
0.0,0.2,9.774220733981489,9.752200168249182,7.794589486043765,7.703917578609156,0
0.0,0.25,9.769876139700918,9.748500038298197,7.8020070015089225,7.7428410019353455,0
0.0,0.30000000000000004,9.763910208171913,9.744461685171123,7.758802041082072,7.731970087935586,0
0.0,0.35000000000000003,9.757769324817964,9.741060686902085,7.725297308455946,7.727249516277165,0
0.0,0.4,9.751945265106455,9.738595720432153,7.728554194137276,7.755362687214676,0
0.0,0.45,9.744061967079691,9.734119809596764,7.671936484769109,7.7225580548088555,0
0.0,0.5,9.740104787025311,9.733893147989164,7.683237901849474,7.753537612132989,0
0.0,0.55,9.734865675896293,9.732109532625097,7.661694697253253,7.749715925050076,0
0.0,0.6000000000000001,9.731029004048406,9.731607703884343,7.63966693773818,7.74236306035936,0
0.0,0.65,9.726254838685948,9.730385996857748,7.643143232316473,7.76041426270701,0
0.0,0.7000000000000001,9.720516081698053,9.727909006136395,7.631665663469394,7.760938018240811,0
0.0,0.75,9.71439952561691,9.72478469965479,7.5698432459472516,7.708138206438186,0
0.0,0.8,9.711739699127222,9.724813962849439,7.578419723726775,7.726462060647095,0
0.0,0.8500000000000001,9.7106918004338,9.726589472685914,7.611446272490585,7.768573134852972,0
0.0,0.9,9.704429194617251,9.722712357590538,7.554588164641629,7.717893923520523,0
0.0,0.9500000000000001,9.703128302087647,9.723698457193322,7.565857387063168,7.73584907701224,0
0.0,1.0,9.700952814161983,9.723576081448474,7.573896202809037,7.750376297554581,0
0.05,0.0,9.771024947499559,9.785102411620414,7.71468612053617,7.6253941342151705,0
0.05,0.05,9.774682176274668,9.774768219633211,7.720388549726242,7.600385505685164,1
0.05,0.1,9.77519038624787,9.767221956030129,7.752690774460045,7.61097072318531,0
0.05,0.15000000000000002,9.772760393859082,9.760812390614777,7.778090240823893,7.629159116607302,0
0.05,0.2,9.771431557222918,9.758202117420007,7.812996722699651,7.67414127960071,0
0.05,0.25,9.766247077195969,9.753736236431278,7.800016740123523,7.684309607249226,0
0.05,0.30000000000000004,9.759326668347951,9.74882570027596,7.753575809169258,7.667065375077183,0
0.05,0.35000000000000003,9.75560930866359,9.748224993245898,7.770720726590139,7.713542610584463,0
0.05,0.4,9.750727864259032,9.7465904736659,7.76832756826125,7.737424977017528,0
0.05,0.45,9.742206619773926,9.741654508579982,7.699366599147881,7.691887495658626,0
0.05,0.5,9.737424743994229,9.740789339544927,7.704534229782302,7.719510221388643,0
0.05,0.55,9.731380357530153,9.738618667097645,7.6887868609719305,7.722748663661804,0
0.05,0.6000000000000001,9.728333675262304,9.739006318291677,7.700405418974375,7.751647420987209,0
0.05,0.65,9.722022252166381,9.736414957502781,7.671070431417119,7.737653415300387,0
0.05,0.7000000000000001,9.717806639641816,9.73543132829106,7.655971960769516,7.735965233732554,0
0.05,0.75,9.714652352023094,9.73521018130186,7.662451250600886,7.754624733404474,0
0.05,0.8,9.710273004439674,9.733848144588446,7.641893999468929,7.7451977142473405,0
0.05,0.8500000000000001,9.705482675509732,9.731872329899597,7.617676486399488,7.730118300154708,0
0.05,0.9,9.70422329650472,9.733264914947966,7.648657342091534,7.771595022379364,0
0.05,0.9500000000000001,9.701230420228873,9.732697563391318,7.630180038809712,7.760390437991048,0
0.05,1.0,9.698606922130278,9.731901863300545,7.622942129069213,7.7604990084396945,0
0.1,0.0,9.766718258298136,9.785751272177338,7.660721315801078,7.558762314474909,0
0.1,0.05,9.77186292167721,9.77690400950696,7.708693433855435,7.574748954877476,0
0.1,0.1,9.77519233797935,9.771892700616325,7.785359493589129,7.627947499043121,1
0.1,0.15000000000000002,9.770722233449481,9.763398463277587,7.76667368715137,7.595055537892688,0
0.1,0.2,9.771650734204446,9.76321653300114,7.854453570278651,7.681190583191108,0
0.1,0.25,9.763365554469846,9.755792860886892,7.810506726674495,7.649560520867721,0
0.1,0.30000000000000004,9.759567858628264,9.754300288218696,7.817653298696543,7.680156431415794,0
0.1,0.35000000000000003,9.75326330623825,9.750974191371087,7.798052565268714,7.686725454932943,0
0.1,0.4,9.744994420472613,9.746420695386577,7.752216525850127,7.6656662832934295,0
0.1,0.45,9.740673845924775,9.745677952847428,7.749287228505192,7.68601948778768,0
0.1,0.5,9.735247415832127,9.744660191329684,7.738408491655029,7.698795877684961,0
0.1,0.55,9.729475342498707,9.742413823217783,7.7328347342561,7.711834045291733,0
0.1,0.6000000000000001,9.724165883401417,9.74089891485585,7.704107598220801,7.7005142509525655,0
0.1,0.65,9.720403568600359,9.740667518609262,7.711050623629879,7.722956408534597,0
0.1,0.7000000000000001,9.716899713285551,9.740532294799939,7.70641437199318,7.732591128673622,0
0.1,0.75,9.712091930008791,9.739222481915325,7.701446786386988,7.741412395237975,0
0.1,0.8,9.706956562201562,9.736970398083717,7.664349859574408,7.714523226931469,0
0.1,0.8500000000000001,9.70490216404218,9.737688781030634,7.680818881243533,7.741069497335363,0
0.1,0.9,9.701169064009314,9.736636062928309,7.66796423355182,7.737517268065697,0
0.1,0.9500000000000001,9.695508288845527,9.733500990635228,7.623826251903976,7.700948332127054,0
0.1,1.0,9.694881671384447,9.734884732042712,7.647501640110242,7.731976713634592,0
0.15000000000000002,0.0,9.763804442479708,9.78546417048312,7.644379423687591,7.52831518633171,0
0.15000000000000002,0.05,9.771473998142694,9.778961700635886,7.739069507672358,7.589830631463961,0
0.15000000000000002,0.1,9.770690206279136,9.769769369071028,7.729465280914934,7.5579969431241105,0
0.15000000000000002,0.15000000000000002,9.769271568846555,9.764291329175803,7.761867158760623,7.574070979794487,1
0.15000000000000002,0.2,9.766474500723188,9.760381455680339,7.799388289814619,7.603298023051066,0
0.15000000000000002,0.25,9.760882553301851,9.755896418579049,7.8080269637409865,7.615314236768148,0
0.15000000000000002,0.30000000000000004,9.758799915805644,9.755803698357145,7.857084068124334,7.676756533722016,0
0.15000000000000002,0.35000000000000003,9.750206043566077,9.750507128223793,7.800094794703913,7.6413508887760875,0
0.15000000000000002,0.4,9.742640060161353,9.74639876883472,7.742596313448538,7.606458647583089,0
0.15000000000000002,0.45,9.736037658336981,9.743842125838883,7.725953198780345,7.614611287489643,0
0.15000000000000002,0.5,9.731308579158647,9.742956571730467,7.730935681467608,7.639363976452848,0
0.15000000000000002,0.55,9.727020632578146,9.74275117321065,7.726198598890563,7.654906759354597,0
0.15000000000000002,0.6000000000000001,9.721930404836137,9.741706158586558,7.743269058283385,7.689126677917124,0
0.15000000000000002,0.65,9.71539533388814,9.738682684010136,7.682550638743282,7.644541076581237,0
0.15000000000000002,0.7000000000000001,9.713206434366553,9.739837866929447,7.712100409531002,7.687175233553008,0
0.15000000000000002,0.75,9.709896258592142,9.740076808997884,7.714875069834916,7.704220547696541,0
0.15000000000000002,0.8,9.703220659594635,9.736325542892368,7.668351566871264,7.667488504767225,0
0.15000000000000002,0.8500000000000001,9.700242042748497,9.736188532773417,7.670722393203102,7.679924843352253,0
0.15000000000000002,0.9,9.696642478402257,9.735271657768479,7.649483639176308,7.668813414273663,0
0.15000000000000002,0.9500000000000001,9.694194291639661,9.735229834403537,7.651260049455732,7.678065876282762,0
0.15000000000000002,1.0,9.689750255630187,9.732992610667381,7.6109549894033,7.644323247536323,0
0.2,0.0,9.7581979308361,9.780702109436593,7.572446866279369,7.441687561631065,0
0.2,0.05,9.766327317972161,9.774422189508325,7.648241618098593,7.487055426041655,0
0.2,0.1,9.767803433189405,9.767608957636181,7.692099766799489,7.507058921878139,0
0.2,0.15000000000000002,9.764576220030348,9.76001148810146,7.696818331940871,7.493183690436018,0
0.2,0.2,9.762813450688064,9.757053002608592,7.750131963562843,7.535039823532525,1
0.2,0.25,9.758809792870201,9.754090329387212,7.787468303003262,7.56961192604476,0
0.2,0.30000000000000004,9.75464380659265,9.752197338942166,7.812432382174816,7.60338718437153,0
0.2,0.35000000000000003,9.749261973099307,9.750025512728465,7.8144597222521925,7.619577547232223,0
0.2,0.4,9.741733608373375,9.746412969538163,7.7858724313114065,7.609103773634338,0
0.2,0.45,9.737806435065638,9.74619062549152,7.793501674524172,7.637874706829938,0
0.2,0.5,9.73100327356703,9.743517652968603,7.775720875469924,7.640079164624099,0
0.2,0.55,9.724968991356468,9.741541239039574,7.73664669199277,7.620456591860891,0
0.2,0.6000000000000001,9.72012117649065,9.74059752189212,7.738637118609554,7.640186282717553,0
0.2,0.65,9.713108734030103,9.737116128653817,7.68970917588619,7.605396947688076,0
0.2,0.7000000000000001,9.707779743426999,9.735559360067256,7.689011987988005,7.616967772856901,0
0.2,0.75,9.705304109853497,9.736349168428081,7.695421387761448,7.638272244992078,0
0.2,0.8,9.700588298925089,9.734938530043637,7.675934204760093,7.629692732772336,0
0.2,0.8500000000000001,9.698031705090258,9.735408564739572,7.694211328061958,7.658465642844437,0
0.2,0.9,9.694176707217807,9.733900217963521,7.656673898338929,7.630008338081204,0
0.2,0.9500000000000001,9.694453673499911,9.736476217474005,7.710705947892851,7.690572609758102,0
0.2,1.0,9.689132416664405,9.733925216228004,7.664822378850653,7.654106744649013,0
0.25,0.0,9.756834798103075,9.779050144857006,7.574583647444559,7.429287949889001,0
0.25,0.05,9.765386018500774,9.773111159168302,7.660938726589625,7.483234361209118,0
0.25,0.1,9.768116331871001,9.767305611866096,7.712020711154671,7.513753837817696,0
0.25,0.15000000000000002,9.764980155950596,9.759945990907394,7.729033821756743,7.50986115288714,0
0.25,0.2,9.76267049465864,9.756504347645627,7.772348832994919,7.54217267815106,0
0.25,0.25,9.75876552025286,9.75319139054279,7.7929565393302545,7.5562429260941295,1
0.25,0.30000000000000004,9.753950931876679,9.750936292526188,7.820872600549713,7.587060545688996,0
0.25,0.35000000000000003,9.747242546901663,9.747376394892546,7.8198759791368255,7.594498191862427,0
0.25,0.4,9.743545281186533,9.747194317014227,7.84032869654791,7.62802446617533,0
0.25,0.45,9.733338433148104,9.741391793317286,7.7706662653389555,7.578774454327901,0
0.25,0.5,9.726382994882313,9.738322062985551,7.741034698331705,7.566101159448985,0
0.25,0.55,9.721800194693177,9.737631464925816,7.729778831811942,7.572667583894596,0
0.25,0.6000000000000001,9.71584312965331,9.735736959930103,7.708886617821193,7.569572924250776,0
0.25,0.65,9.713554404534962,9.736997456747513,7.745437683592791,7.620187836364495,0
0.25,0.7000000000000001,9.707138071441257,9.734264272545515,7.699942427485733,7.589790216382216,0
0.25,0.75,9.704923304842872,9.735702169349572,7.739999532524283,7.642136693621362,0
0.25,0.8,9.698022498987452,9.732087897905355,7.673581246804341,7.587038982250488,0
0.25,0.8500000000000001,9.695099071378214,9.73203624444065,7.6756787072377275,7.599703359570402,0
0.25,0.9,9.692196234745948,9.731919169143865,7.673615136984756,7.606681672970415,0
0.25,0.9500000000000001,9.688704004556552,9.73083058211892,7.65808690076187,7.599979557398896,0
0.25,1.0,9.688500661867495,9.733013428753567,7.699413552100975,7.647025689344876,0
0.30000000000000004,0.0,9.7550146336573,9.77613136201069,7.553848363824678,7.39533977538099,0
0.30000000000000004,0.05,9.763848450489593,9.770222959846594,7.639996986141519,7.448946678018457,0
0.30000000000000004,0.1,9.76458526213788,9.762143350267396,7.66556888912282,7.448950907049961,0
0.30000000000000004,0.15000000000000002,9.762047051976642,9.755580194581864,7.670465813991956,7.440089317694309,0
0.30000000000000004,0.2,9.760101096900026,9.752221533658608,7.721382440548894,7.47699464309098,0
0.30000000000000004,0.25,9.757088486071524,9.750044779282453,7.785800040608571,7.531817781705354,0
0.30000000000000004,0.30000000000000004,9.749661595037752,9.745059043502671,7.765754125868078,7.511778145798504,1
0.30000000000000004,0.35000000000000003,9.744300384041649,9.742802216474372,7.788117107350159,7.5367019741957275,0
0.30000000000000004,0.4,9.735818884826587,9.738142499299075,7.740361882539496,7.501220369029789,0
0.30000000000000004,0.45,9.731491215226011,9.73772309227262,7.7625866846169425,7.538244125321476,0
0.30000000000000004,0.5,9.730030696781359,9.740265376918618,7.818564451239305,7.611219747190904,0
0.30000000000000004,0.55,9.719238968742074,9.733633105716956,7.728550045663005,7.537171868115662,0
0.30000000000000004,0.6000000000000001,9.714592583709853,9.733348273432474,7.725297775536106,7.553161184990836,0
0.30000000000000004,0.65,9.710003587033995,9.732243569249135,7.721388218394623,7.560818209230309,0
0.30000000000000004,0.7000000000000001,9.707498977977698,9.733272024387448,7.747934027356154,7.5996559381941475,0
0.30000000000000004,0.75,9.702128512425725,9.731459334960284,7.724577113322136,7.589557643820494,0
0.30000000000000004,0.8,9.69741443865407,9.72987212584793,7.705467992220489,7.581858677119183,0
0.30000000000000004,0.8500000000000001,9.693117200283535,9.728635029306776,7.680379383787101,7.56682280619566,0
0.30000000000000004,0.9,9.690039596509763,9.728275182669417,7.67726773240008,7.572225430786234,0
0.30000000000000004,0.9500000000000001,9.685667023962981,9.726824425006917,7.653113384377926,7.558912214749584,0
0.30000000000000004,1.0,9.68297984325062,9.726509726012344,7.657200561220644,7.569706589034642,0
0.35000000000000003,0.0,9.754880411854591,9.774569527163644,7.575700670614602,7.404417520448956,0
0.35000000000000003,0.05,9.760293321676068,9.76516178327366,7.599618610211882,7.397140460053589,0
0.35000000000000003,0.1,9.762726599359132,9.758638705516264,7.640422692173008,7.413659625608907,0
0.35000000000000003,0.15000000000000002,9.76064757162862,9.752255266786673,7.669841886850748,7.425835628230147,0
0.35000000000000003,0.2,9.760121572482523,9.750443360761265,7.744044674804563,7.485890933271022,0
0.35000000000000003,0.25,9.754693734218604,9.745567318722555,7.750906771612857,7.482467708087627,0
0.35000000000000003,0.30000000000000004,9.75088913256596,9.744183271308223,7.792024080780531,7.522556317383092,0
0.35000000000000003,0.35000000000000003,9.74462523007533,9.741192572011268,7.789433371502042,7.522360336231523,1
0.35000000000000003,0.4,9.737680603291972,9.737950884775731,7.791045182626227,7.528452353980324,0
0.35000000000000003,0.45,9.730847123808779,9.735440260193483,7.783256337039689,7.5336837827505425,0
0.35000000000000003,0.5,9.72443609424706,9.732814283361417,7.755087692353475,7.519617474007179,0
0.35000000000000003,0.55,9.720755237203614,9.733411995287264,7.794876035833801,7.573881550321306,0
0.35000000000000003,0.6000000000000001,9.713267019423487,9.729852841492985,7.717818251006448,7.514259514632158,0
0.35000000000000003,0.65,9.708202479030012,9.728881420531371,7.728333904417437,7.5367750453467925,0
0.35000000000000003,0.7000000000000001,9.705411230107694,9.729174419344284,7.728489199471533,7.550425069635319,0
0.35000000000000003,0.75,9.700851725989752,9.728195669129901,7.744484687237807,7.576339923358469,0
0.35000000000000003,0.8,9.696807661231034,9.727399526396274,7.720312590422232,7.565070950406635,0
0.35000000000000003,0.8500000000000001,9.692462787299624,9.72602614274883,7.699043539920632,7.554898638894878,0
0.35000000000000003,0.9,9.687559964006324,9.724217416370768,7.661578710414163,7.527252014493315,0
0.35000000000000003,0.9500000000000001,9.687350169649807,9.726944759446885,7.716127706924248,7.592787879188827,0
0.35000000000000003,1.0,9.684555468403653,9.726044591795802,7.723576212764863,7.60133657052774,0
0.4,0.0,9.753507127444049,9.771673057462383,7.567166449214932,7.3854956395104425,0
0.4,0.05,9.761379556333114,9.764298468723108,7.623615491870132,7.408994576699803,0
0.4,0.1,9.763334802855166,9.757446608632483,7.662905115180419,7.426324362919771,0
0.4,0.15000000000000002,9.76161107789281,9.750811525089938,7.684891699135023,7.428227344320689,0
0.4,0.2,9.758663972705031,9.746724444061119,7.720754395060948,7.44917048278896,0
0.4,0.25,9.754047457120748,9.742722088589714,7.758597227145504,7.47728635667499,0
0.4,0.30000000000000004,9.747844433774985,9.73858968063844,7.753234491884812,7.46676779598309,0
0.4,0.35000000000000003,9.741332473952397,9.735268510662806,7.753563781388809,7.466930489346495,0
0.4,0.4,9.7360378692487,9.734108949050155,7.78240645734473,7.502109406862612,1
0.4,0.45,9.73040414240055,9.732234848549007,7.785245101866759,7.513072948499204,0
0.4,0.5,9.722820133809973,9.72905771501994,7.770568616181514,7.511067638216545,0
0.4,0.55,9.717039187099038,9.727301149278995,7.741492285904337,7.496080076371777,0
0.4,0.6000000000000001,9.712376913099503,9.726265801063327,7.729862299714958,7.497548873891577,0
0.4,0.65,9.70705079653429,9.7253833019881,7.7257412756456185,7.508289215609134,0
0.4,0.7000000000000001,9.704984379778105,9.726676704744696,7.752814663378843,7.547414469295908,0
0.4,0.75,9.697179735535276,9.722929713772078,7.726648238085119,7.531653840935159,0
0.4,0.8,9.694292394901002,9.722826680577315,7.708030568590323,7.524723924864474,0
0.4,0.8500000000000001,9.689024425421419,9.720906255921612,7.678279564470525,7.506896608341522,0
0.4,0.9,9.687849937890926,9.72197463121617,7.6990429737071855,7.533847093709409,0
0.4,0.9500000000000001,9.685369991368011,9.722113057789885,7.687941315344931,7.531859335829793,0
0.4,1.0,9.682344288224746,9.721780985502859,7.700724572307525,7.553248683354092,0
0.45,0.0,9.75003819975804,9.766382816302418,7.505987209628522,7.31463539328584,0
0.45,0.05,9.758506458742296,9.759296560616555,7.580406382611629,7.355242640841074,0
0.45,0.1,9.762562787548335,9.754347986438026,7.669011618382833,7.417466979144023,0
0.45,0.15000000000000002,9.760416361024921,9.747844175428083,7.681851514369553,7.415605818186298,0
0.45,0.2,9.75652676046869,9.742140113696962,7.686992347469686,7.4055428160694134,0
0.45,0.25,9.74861623820375,9.734993900425598,7.663489985520407,7.3711433515776585,0
0.45,0.30000000000000004,9.748431976635842,9.737037188897053,7.7722721965872665,7.475827090962291,0
0.45,0.35000000000000003,9.740990989779608,9.73238730862386,7.75662775289235,7.456230630274116,0
0.45,0.4,9.738710591183388,9.734094439246112,7.825572420566105,7.529973495916672,0
0.45,0.45,9.729038904328242,9.728529080035543,7.779619210136342,7.488741091015472,1
0.45,0.5,9.724701114624834,9.728124169614068,7.792064553543558,7.512244977362411,0
0.45,0.55,9.718495068848062,9.726340203303034,7.777525188508233,7.5115197103782165,0
0.45,0.6000000000000001,9.709617649662361,9.721909436950401,7.735747736332936,7.481865702072608,0
0.45,0.65,9.708377445592191,9.72388911700406,7.760269369917244,7.518656964455979,0
0.45,0.7000000000000001,9.703853546725934,9.723032150896806,7.760122608438228,7.5288669737624385,0
0.45,0.75,9.699510565591419,9.722483614234168,7.748922125525793,7.5339329627365,0
0.45,0.8,9.695612854622086,9.721401358310867,7.739157797053952,7.52989706866866,0
0.45,0.8500000000000001,9.690130099003301,9.719360174567383,7.719140434986021,7.52074775806896,0
0.45,0.9,9.687512516798119,9.719348059315456,7.706425733621958,7.518468270450896,0
0.45,0.9500000000000001,9.685901296212519,9.72068889395748,7.7555894351953185,7.572570265255184,0
0.45,1.0,9.678281665917105,9.715406491015099,7.665317141561825,7.490599144320549,0
0.5,0.0,9.750655220205001,9.764833345464552,7.521152736733029,7.31829440227401,0
0.5,0.05,9.7583911835186,9.7568776123254,7.5925688913778,7.354294869354158,0
0.5,0.1,9.762102031022849,9.75171491736845,7.66073733862744,7.400682229046125,0
0.5,0.15000000000000002,9.761990233271764,9.74668132857668,7.715134816210096,7.433940564509787,0
0.5,0.2,9.758836235121361,9.7420936799004,7.734269316651986,7.440847288066483,0
0.5,0.25,9.752280196651425,9.736247499913256,7.732817689483929,7.430644212938148,0
0.5,0.30000000000000004,9.746960108483961,9.73303171087681,7.754043530430585,7.4459821208724755,0
0.5,0.35000000000000003,9.74291401161386,9.732190242485288,7.788387137565761,7.480602269684779,0
0.5,0.4,9.735127879701947,9.727792770653876,7.78668409696991,7.47472515640768,0
0.5,0.45,9.729035172015127,9.725837705643977,7.784129335604807,7.476767622398226,0
0.5,0.5,9.72315482070733,9.724002248216879,7.7721124926972465,7.476513302493747,1
0.5,0.55,9.715693446593422,9.721326540104421,7.736868912524949,7.456827543142051,0
0.5,0.6000000000000001,9.713614310505703,9.722917864176775,7.797746093273949,7.524096341450994,0
0.5,0.65,9.706820898376193,9.720070475289262,7.763337358929791,7.50133959567615,0
0.5,0.7000000000000001,9.703023517849285,9.719636719095266,7.754129306268748,7.503547190423109,0
0.5,0.75,9.695307741620184,9.715233279305327,7.698148629185519,7.457370329187185,0
0.5,0.8,9.693619055822172,9.717090572626281,7.738080586618244,7.508392491793262,0
0.5,0.8500000000000001,9.69104272809545,9.718250159212944,7.75465477379482,7.539359290003792,0
0.5,0.9,9.68725045203802,9.716590972330716,7.737714230542555,7.5259527654403255,0
0.5,0.9500000000000001,9.682649837299719,9.715051843003769,7.712556689426405,7.510108825071637,0
0.5,1.0,9.68020539534935,9.7144709138775,7.699029793414308,7.502164446327119,0
0.55,0.0,9.748479619556422,9.760951295558707,7.498009346747089,7.285566000852581,0
0.55,0.05,9.757666021168799,9.754420045517561,7.584976835938066,7.340577247301669,0
0.55,0.1,9.762258175974518,9.749515258496311,7.664348948629447,7.393462303239405,0
0.55,0.15000000000000002,9.75831788845305,9.740808979429833,7.653095343385977,7.364351440746204,0
0.55,0.2,9.755511655325858,9.736496286904558,7.679320565458541,7.383964892562576,0
0.55,0.25,9.750413419185193,9.731722257434162,7.695233532698168,7.381855968534588,0
0.55,0.30000000000000004,9.744376282382888,9.727960100026328,7.714985009571628,7.3974945127989225,0
0.55,0.35000000000000003,9.740721651180893,9.72757087765355,7.7685459324986015,7.447126754689063,0
0.55,0.4,9.73382722609135,9.723926504527967,7.756670515307434,7.433755744407092,0
0.55,0.45,9.72901663849982,9.723267621521352,7.789580203230065,7.471204999986748,0
0.55,0.5,9.722858379922721,9.721199196504516,7.77791809709535,7.466816317326142,0
0.55,0.55,9.715462351974958,9.717930720401245,7.752739387364481,7.449562654973399,1
0.55,0.6000000000000001,9.71267344987357,9.719125058257331,7.775589669077068,7.484805940775437,0
0.55,0.65,9.705566126826513,9.716139808130217,7.757995781879753,7.476334889930254,0
0.55,0.7000000000000001,9.700284139203385,9.71441746363608,7.7314354598347315,7.461643511664434,0
0.55,0.75,9.696639258798834,9.714211332948231,7.748890080535688,7.487930558916941,0
0.55,0.8,9.691215700194991,9.712289996458162,7.713674592426912,7.464485872641888,0
0.55,0.8500000000000001,9.688589821558434,9.712489580711575,7.710802954156872,7.471117864725592,0
0.55,0.9,9.684265600009459,9.711073216206339,7.689239858880853,7.459156064832816,0
0.55,0.9500000000000001,9.682743190218154,9.712373918950073,7.7244741477274905,7.500613873493253,0
0.55,1.0,9.67889186522555,9.711011637304441,7.705169339154706,7.488959154110631,0
0.6000000000000001,0.0,9.751045930881027,9.761402649479587,7.540487542232534,7.318396423619458,0
0.6000000000000001,0.05,9.756751560004009,9.75136954894912,7.569322596565192,7.316973534484917,0
0.6000000000000001,0.1,9.758711184745355,9.743834313482626,7.6194018302336985,7.339937325643356,0
0.6000000000000001,0.15000000000000002,9.757397802373708,9.737615867026937,7.643768906196696,7.346004281939473,0
0.6000000000000001,0.2,9.755246469293574,9.733912094571297,7.69123227486592,7.380446955783625,0
0.6000000000000001,0.25,9.751656934109706,9.730993541102297,7.732858868126323,7.414404623110284,0
0.6000000000000001,0.30000000000000004,9.746253279396958,9.727452453847576,7.762709996510523,7.4329778032436495,0
0.6000000000000001,0.35000000000000003,9.742288572239937,9.726068314754897,7.780642393323736,7.447627174647382,0
0.6000000000000001,0.4,9.731960335796654,9.719962147842107,7.736161931652282,7.405507362909259,0
0.6000000000000001,0.45,9.72607446447071,9.718022201920595,7.750038561352587,7.419599793126784,0
0.6000000000000001,0.5,9.72279334096697,9.718735062555009,7.787042433460152,7.463844297664618,0
0.6000000000000001,0.55,9.718514075775218,9.718644901712683,7.813219834355863,7.499433318667395,0
0.6000000000000001,0.6000000000000001,9.709651712342804,9.714069072868242,7.7393837579185645,7.436029168554483,1
0.6000000000000001,0.65,9.706705199312402,9.714574603327042,7.782211762412592,7.483017829463195,0
0.6000000000000001,0.7000000000000001,9.701094071807553,9.713036911653754,7.774207501771558,7.488627138207568,0
0.6000000000000001,0.75,9.697979862479853,9.713277787557244,7.7649017405368195,7.4913497620493645,0
0.6000000000000001,0.8,9.691726762586217,9.710180606622577,7.735991718968737,7.470057746089819,0
0.6000000000000001,0.8500000000000001,9.690111840411515,9.712405925556967,7.764462794017892,7.51407682725854,0
0.6000000000000001,0.9,9.683106301889042,9.707943402661346,7.701852531708004,7.456768906828601,0
0.6000000000000001,0.9500000000000001,9.683103241750391,9.710414958882067,7.755499019955783,7.514354859639838,0
0.6000000000000001,1.0,9.679102017007985,9.70880041856131,7.7230405311564185,7.490080681221382,0
0.65,0.0,9.74754694602888,9.756213270563054,7.503423474410596,7.274591929678862,0
0.65,0.05,9.756439471999775,9.749435250193669,7.566954943547455,7.309240341477274,0
0.65,0.1,9.75764471978944,9.740926380741572,7.6042367869019944,7.318698113470373,0
0.65,0.15000000000000002,9.75843411422217,9.736461595215706,7.674547702518716,7.366184063670329,0
0.65,0.2,9.753306084916344,9.72965953169247,7.6820894921371385,7.359729139409449,0
0.65,0.25,9.751110522178582,9.72814518358814,7.723153189523323,7.395209091851358,0
0.65,0.30000000000000004,9.747182746734934,9.726501970095917,7.778176757991928,7.44417710283903,0
0.65,0.35000000000000003,9.740443358674218,9.722466692768302,7.764258601312276,7.424443713834323,0
0.65,0.4,9.732710056692355,9.718444241724638,7.755017951286856,7.415760685462742,0
0.65,0.45,9.725884109749908,9.715068176752753,7.74370780924005,7.402523126676321,0
0.65,0.5,9.722993868202987,9.716766964331054,7.808511345773356,7.471782456267536,0
0.65,0.55,9.715128758370755,9.713238929820909,7.762537303525458,7.437985201161431,0
0.65,0.6000000000000001,9.710176989230472,9.712211592596779,7.771429115573302,7.453094282830281,0
0.65,0.65,9.705906601950476,9.711432250996648,7.765823541351035,7.455912441106141,1
0.65,0.7000000000000001,9.700725858009289,9.710491826623231,7.764658730207721,7.466737208484491,0
0.65,0.75,9.69431142996881,9.707217701335635,7.721160779597009,7.4318958080630395,0
0.65,0.8,9.693132410934812,9.709319978645476,7.756793914903194,7.475831738027005,0
0.65,0.8500000000000001,9.689636626760157,9.708893613723006,7.751020353959788,7.481302874611124,0
0.65,0.9,9.684338072857772,9.70658463624143,7.727945830747578,7.465902340680846,0
0.65,0.9500000000000001,9.683330517124665,9.708620748935749,7.764618111856612,7.512751054868729,0
0.65,1.0,9.677701435955928,9.705231344058467,7.693597362685779,7.4496784901870425,0
0.7000000000000001,0.0,9.748692131472593,9.755817904982974,7.523543596141454,7.290979833079433,0
0.7000000000000001,0.05,9.754359640506177,9.745710219269869,7.540546365520767,7.2775309783747355,0
0.7000000000000001,0.1,9.75994642107711,9.741236749319409,7.6424506608615435,7.35043188894869,0
0.7000000000000001,0.15000000000000002,9.758657615134132,9.735010188450513,7.680450052195059,7.369277178658905,0
0.7000000000000001,0.2,9.753453959107196,9.728376995139142,7.673750734339031,7.3520045053582095,0
0.7000000000000001,0.25,9.751059005841267,9.726201352852932,7.733021417957893,7.3989854040586085,0
0.7000000000000001,0.30000000000000004,9.745080197046603,9.72189780117278,7.7354943256887765,7.392315423117572,0
0.7000000000000001,0.35000000000000003,9.739327555600612,9.718842781512024,7.753899671246474,7.40429613974147,0
0.7000000000000001,0.4,9.732916036254652,9.716227731956671,7.753290386520882,7.4037543741488685,0
0.7000000000000001,0.45,9.726291647722379,9.71386543235271,7.758947220883971,7.412454557181847,0
0.7000000000000001,0.5,9.721658274964371,9.713228598827243,7.767032600599855,7.427154772802734,0
0.7000000000000001,0.55,9.714275410006358,9.709979015669834,7.760870472701422,7.424544328830379,0
0.7000000000000001,0.6000000000000001,9.708585129781676,9.708428351587697,7.756854425957433,7.429804371729193,0
0.7000000000000001,0.65,9.70461101852486,9.708331335731755,7.765593444078726,7.445387796231551,0
0.7000000000000001,0.7000000000000001,9.698899833176572,9.706485359015439,7.731503323921995,7.424934620050536,1
0.7000000000000001,0.75,9.695385889276466,9.706106484295493,7.741461406035819,7.441050338588743,0
0.7000000000000001,0.8,9.69033947496987,9.704746393681237,7.73576888626567,7.443159569359402,0
0.7000000000000001,0.8500000000000001,9.68784746601521,9.705187874379138,7.739074101251535,7.457671582187188,0
0.7000000000000001,0.9,9.683343807103988,9.703437899532638,7.718352467106563,7.444258905056472,0
0.7000000000000001,0.9500000000000001,9.679786462850581,9.702942418872489,7.707405654965424,7.444380492799653,0
0.7000000000000001,1.0,9.676499754377422,9.701214786733269,7.693133666098871,7.429363883894479,0
0.75,0.0,9.746883469437362,9.752286362685073,7.482474586680624,7.243805575392816,0
0.75,0.05,9.756166903209527,9.745276635019758,7.559997451222823,7.286492330412687,0
0.75,0.1,9.758290020050062,9.737965816855422,7.617919173372587,7.319761974276083,0
0.75,0.15000000000000002,9.75772787308716,9.731872758980563,7.6497406067687885,7.33025231249485,0
0.75,0.2,9.755031988792624,9.727611460100437,7.702722156928081,7.369777261754866,0
0.75,0.25,9.750942019337382,9.724258610814402,7.734942479940762,7.39667235047126,0
0.75,0.30000000000000004,9.743917887191152,9.71854660930455,7.714157668199775,7.364367837848761,0
0.75,0.35000000000000003,9.737966654734118,9.715863402268663,7.727953775473294,7.3755894407862765,0
0.75,0.4,9.7324343799056,9.713815666576401,7.761157599574128,7.404889406222647,0
0.75,0.45,9.726030545638086,9.711953467015565,7.763515994721741,7.412492366526317,0
0.75,0.5,9.7205702120832,9.709819920519822,7.7654075828362865,7.414384134395368,0
0.75,0.55,9.716759539866837,9.71055009342772,7.811984908362959,7.467037165432675,0
0.75,0.6000000000000001,9.709444205485878,9.707030904597508,7.748740426082971,7.412278386237419,0
0.75,0.65,9.705494789329448,9.706991117684531,7.774157596034452,7.443979873050973,0
0.75,0.7000000000000001,9.699242501196577,9.704303187735487,7.761214092870976,7.438359867058511,0
0.75,0.75,9.695093707760902,9.703730676161,7.740728717722745,7.4315510863476035,1
0.75,0.8,9.690957428887028,9.703359347035523,7.75539697763017,7.4533838566747495,0
0.75,0.8500000000000001,9.686482359321959,9.701872092832925,7.74175948088995,7.4470919260559425,0
0.75,0.9,9.684371689688657,9.702379213599041,7.747979733452973,7.46079556163316,0
0.75,0.9500000000000001,9.679877568952143,9.70068360209839,7.725809827729541,7.447641789385343,0
0.75,1.0,9.678565645797647,9.701854589109354,7.734127691539283,7.464294187155278,0
0.8,0.0,9.74808464116211,9.75209254239299,7.519771084868354,7.274767301452635,0
0.8,0.05,9.755194748377736,9.74284621997675,7.569464721553734,7.287932529588917,0
0.8,0.1,9.757325525995343,9.735431599812674,7.610527897045496,7.3092673895286495,0
0.8,0.15000000000000002,9.758030970501364,9.730684272403876,7.662796341278252,7.337307051123527,0
0.8,0.2,9.754684349245652,9.725320410425057,7.687062431760889,7.348112797539962,0
0.8,0.25,9.749848832452574,9.720917433413149,7.699995818080832,7.35371765506503,0
0.8,0.30000000000000004,9.745206255173766,9.717955432086537,7.751166697809458,7.392765884031634,0
0.8,0.35000000000000003,9.738300384266603,9.71416393385949,7.740959210444159,7.378690285526129,0
0.8,0.4,9.731916629703417,9.711392950188685,7.756872094305302,7.3936715206309245,0
0.8,0.45,9.725370901328915,9.70877826345903,7.745247778970113,7.384851077068498,0
0.8,0.5,9.720679345321553,9.708488079723407,7.775461687359165,7.419980907054965,0
0.8,0.55,9.712806654212338,9.704470317647962,7.749025111303524,7.39263319294638,0
0.8,0.6000000000000001,9.709227347075599,9.70467520176848,7.7713623967396055,7.421318002459136,0
0.8,0.65,9.70351268925919,9.702927247454918,7.74181074940746,7.406380159747983,0
0.8,0.7000000000000001,9.701288016349283,9.70457327966058,7.79617934367331,7.465562804213088,0
0.8,0.75,9.69554094845137,9.702635394706304,7.788742958522811,7.465531611857441,0
0.8,0.8,9.690094832937168,9.700093877291552,7.736977157178498,7.423055287826174,1
0.8,0.8500000000000001,9.685578120602887,9.698945699195148,7.719449790851631,7.416271684058509,0
0.8,0.9,9.680462155790966,9.696851132311167,7.675612317292188,7.3833802130022415,0
0.8,0.9500000000000001,9.68172777911771,9.700651733872194,7.764153802646322,7.474063461778795,0
0.8,1.0,9.675417282583554,9.696613774250071,7.6936128786612406,7.410966147528671,0
0.8500000000000001,0.0,9.745907009596378,9.748474817635362,7.473124825016473,7.223886878972339,0
0.8500000000000001,0.05,9.753248562767515,9.73970953899362,7.521367789299482,7.241650507983995,0
0.8500000000000001,0.1,9.758630858004338,9.734864601649575,7.63077943701726,7.317494695903623,0
0.8500000000000001,0.15000000000000002,9.757102816835362,9.72831533027426,7.645071561227027,7.318293886165892,0
0.8500000000000001,0.2,9.755342484976266,9.725019945648894,7.7193984215762415,7.379935436397965,0
0.8500000000000001,0.25,9.750389297497032,9.719678925240489,7.702556992503656,7.353113042348798,0
0.8500000000000001,0.30000000000000004,9.740952493536154,9.712098940479107,7.670073966332943,7.31107718787935,0
0.8500000000000001,0.35000000000000003,9.739063390534218,9.713208951899427,7.74824018389026,7.3840867267159584,0
0.8500000000000001,0.4,9.73228732396352,9.71008363366089,7.75275409398776,7.385905849756349,0
0.8500000000000001,0.45,9.726368444612458,9.707978445243473,7.778163033869127,7.410191711880965,0
0.8500000000000001,0.5,9.718252092140576,9.70410247006315,7.730961031189296,7.366821252566741,0
0.8500000000000001,0.55,9.716361248108766,9.706330568627225,7.805730243533901,7.445484887806619,0
0.8500000000000001,0.6000000000000001,9.7069318938052,9.701016082994233,7.735940305429499,7.381435868584194,0
0.8500000000000001,0.65,9.70087720045489,9.699439185532814,7.72729384299109,7.38763574590543,0
0.8500000000000001,0.7000000000000001,9.696636083317154,9.698427216031524,7.720832167471583,7.383727937243469,0
0.8500000000000001,0.75,9.695841268248815,9.700959756615818,7.78019085692891,7.4479603665291245,0
0.8500000000000001,0.8,9.69105516166872,9.69965106817237,7.772321928253111,7.450672839145933,0
0.8500000000000001,0.8500000000000001,9.685854747805433,9.69750085894351,7.744499732061259,7.429249188408182,1
0.8500000000000001,0.9,9.681250206263915,9.695097223825373,7.710498470685738,7.401182044423812,0
0.8500000000000001,0.9500000000000001,9.679318576817767,9.696303812502443,7.73877543682459,7.437676068233312,0
0.8500000000000001,1.0,9.677247631908848,9.696503516473927,7.734534314101436,7.440864381946469,0
0.9,0.0,9.74720127658456,9.748539214528762,7.497407871830607,7.245196107214141,0
0.9,0.05,9.753036040807675,9.737832633163832,7.546179838002311,7.25505510222635,0
0.9,0.1,9.758669151456399,9.733584674076152,7.624064033506213,7.310490264232292,0
0.9,0.15000000000000002,9.757487737699792,9.72695758335628,7.662121708398476,7.328613343048585,0
0.9,0.2,9.755215404434907,9.722705531256324,7.703232480764541,7.356095205032223,0
0.9,0.25,9.750268068324377,9.71784173884267,7.710387122249757,7.351481127877238,0
0.9,0.30000000000000004,9.743326248566843,9.712888407421133,7.7046118941174075,7.339421827751115,0
0.9,0.35000000000000003,9.737028063529571,9.70980613482866,7.722689231624405,7.353468630420715,0
0.9,0.4,9.731784074682778,9.70798398933364,7.762800346408213,7.387343449401459,0
0.9,0.45,9.72452563324347,9.704876224849057,7.740423473280619,7.370585103367926,0
0.9,0.5,9.721025018104921,9.705224741539402,7.7844832619997275,7.415892587042774,0
0.9,0.55,9.713242295990618,9.701525070745108,7.743097555137473,7.378624487798031,0
0.9,0.6000000000000001,9.70805503618354,9.70039393422055,7.7748395751564505,7.414605932628361,0
0.9,0.65,9.704079925263796,9.69994081101155,7.774361400996408,7.418094004351612,0
0.9,0.7000000000000001,9.698976886133998,9.69847268533505,7.74739593119311,7.401875693447156,0
0.9,0.75,9.695070249880468,9.698531382653437,7.783884868297113,7.443635536248412,0
0.9,0.8,9.689831492652548,9.696629920246203,7.743045171866506,7.414236352603158,0
0.9,0.8500000000000001,9.68750051974155,9.697697783026502,7.75844246089523,7.442924169399371,0
0.9,0.9,9.683336843155208,9.695922825366205,7.7544370643661775,7.439174262267708,1
0.9,0.9500000000000001,9.677847081209828,9.69289287776524,7.710094122233071,7.401008589241119,0
0.9,1.0,9.675955647846898,9.693728402906428,7.722468438617468,7.422737092775011,0
0.9500000000000001,0.0,9.744674004511149,9.744783359729457,7.459666826607885,7.201616401216354,0
0.9500000000000001,0.05,9.75521478909558,9.738910049931485,7.577034053564472,7.284890111962061,0
0.9500000000000001,0.1,9.758030233950917,9.73171807780239,7.631116508873109,7.313618390294654,0
0.9500000000000001,0.15000000000000002,9.757168280361874,9.725518438004512,7.639887133026481,7.308540628038684,0
0.9500000000000001,0.2,9.752327660509847,9.718328697117911,7.6631269411526315,7.310695309692716,0
0.9500000000000001,0.25,9.748886508130287,9.715284622467415,7.717353198738749,7.3508891146531425,0
0.9500000000000001,0.30000000000000004,9.743766079949612,9.711968105420029,7.72086239296857,7.352209019250076,0
0.9500000000000001,0.35000000000000003,9.740252347659466,9.711291324221621,7.765587420088836,7.394316132115657,0
0.9500000000000001,0.4,9.733232996162748,9.708198199512482,7.781537310397023,7.409871897378505,0
0.9500000000000001,0.45,9.727987699160352,9.706564286052402,7.797482992629953,7.421815431938689,0
0.9500000000000001,0.5,9.720527464685672,9.70306364743633,7.776200593276495,7.401879650661747,0
0.9500000000000001,0.55,9.714680401047445,9.701484619876139,7.780227594580568,7.408578477988978,0
0.9500000000000001,0.6000000000000001,9.709298640884438,9.700316093567022,7.797048749683054,7.4300568901559405,0
0.9500000000000001,0.65,9.70239737598483,9.69720173562909,7.768998937421717,7.408599759401177,0
0.9500000000000001,0.7000000000000001,9.697349257322179,9.695757212198572,7.751587268393365,7.398474849491085,0
0.9500000000000001,0.75,9.694276742518246,9.69596888270677,7.760839502944034,7.416647489380944,0
0.9500000000000001,0.8,9.690110724711317,9.695157967504459,7.747938696854446,7.413651491785791,0
0.9500000000000001,0.8500000000000001,9.686821565601765,9.69525934824949,7.77108845792486,7.440420538728465,0
0.9500000000000001,0.9,9.68091720541508,9.691776822937523,7.715299363439752,7.3938572643051055,0
0.9500000000000001,0.9500000000000001,9.679681784864677,9.69345412836027,7.736678297476354,7.422760044238112,1
0.9500000000000001,1.0,9.67499499520185,9.691053884164608,7.705435110693877,7.396470584413074,0
1.0,0.0,9.745237412113925,9.744320792400611,7.471050993460408,7.211828921251472,0
1.0,0.05,9.750517362207805,9.733309290499252,7.493849073224805,7.199119165854305,0
1.0,0.1,9.756430193522881,9.728675969805906,7.602642982447616,7.278365698157042,0
1.0,0.15000000000000002,9.755962057509386,9.722718486706075,7.627794925724249,7.2862297424134255,0
1.0,0.2,9.753256202762165,9.718000673192082,7.681074223829285,7.323851605079963,0
1.0,0.25,9.753099730214352,9.717752721732626,7.753626241981341,7.3867740126299735,0
1.0,0.30000000000000004,9.741429122118438,9.70819256346533,7.696155095084546,7.3216887620560875,0
1.0,0.35000000000000003,9.737224397018242,9.707378669978132,7.73594199287321,7.362003977073259,0
1.0,0.4,9.732185224662597,9.705638087013368,7.757966104033463,7.379121697848533,0
1.0,0.45,9.724559883642094,9.701978422560675,7.744666758114154,7.365738771862233,0
1.0,0.5,9.717628662002392,9.6990654751716,7.734733671627578,7.359096254350349,0
1.0,0.55,9.713198315784394,9.698409110904059,7.756136716352066,7.381193449819273,0
1.0,0.6000000000000001,9.708951646367577,9.698555908759557,7.797327445478542,7.426150036919417,0
1.0,0.65,9.702460095020706,9.69546400647558,7.758919191446323,7.391229635281253,0
1.0,0.7000000000000001,9.698033473399,9.69476551691777,7.753272881179479,7.395548858532412,0
1.0,0.75,9.69115714230196,9.691822862939237,7.713549323906117,7.364369755340229,0
1.0,0.8,9.692826330232895,9.69678388543142,7.797341470495813,7.4593642144107895,0
1.0,0.8500000000000001,9.687641854944786,9.69466538137097,7.77371006692032,7.44196208430282,0
1.0,0.9,9.683308845430497,9.69287221505833,7.76045602917493,7.431932466199435,0
1.0,0.9500000000000001,9.679447483872092,9.691644990191032,7.744985166834065,7.423498383368947,0
1.0,1.0,9.67821312458333,9.69291612652494,7.75861714340324,7.445349457884561,1
